date;BEN;CO;MXIL;NO2;NO;O3;PM2_5;SO2;TOL
2017-01-01;1.02;0.67;2.51;43;93;5;28;16;8.43
2017-01-02;1.2;0.81;4.67;52;112;2;28;11;15.44
2017-01-03;0.83;0.56;1.94;44;101;9;29;8;10.59
2017-01-04;1.2;0.77;6.53;53;169;4;32;18;21.47
2017-01-05;0.95;0.75;3.41;45;104;12;26;9;15.59
2017-01-06;0.51;0.44;1.19;37;57;19;25;8;6.01
2017-01-07;0.76;0.46;1.31;44;90;15;27;13;7.66
2017-01-08;0.85;0.49;2.65;49;94;13;27;19;9.4
2017-01-09;1.4;0.75;6.22;67;170;9;30;25;19.67
2017-01-10;0.39;0.3;0.95;49;29;28;10;13;5.25
2017-01-11;0.2;0.26;0.88;42;37;32;10;8;4.37
2017-01-12;0.12;0.17;0.29;31;22;44;9;6;1.83
2017-01-13;0.12;0.2;0.32;40;12;67;6;5;1.54
2017-01-14;0.13;0.22;0.29;39;9;57;8;6;1.23
2017-01-15;0.14;0.28;0.26;39;8;44;10;9;1.77
2017-01-16;0.1;0.24;0.28;43;17;41;7;6;1.61
2017-01-17;0.14;0.24;0.56;41;32;50;7;27;1.36
2017-01-18;0.22;0.36;0.47;57;112;21;12;33;3.03
2017-01-19;0.27;0.37;0.54;55;72;16;16;23;3.17
2017-01-20;0.37;0.55;1.98;60;143;15;22;49;4.77
2017-01-21;0.48;0.73;2.09;57;107;12;24;68;4.71
2017-01-22;0.34;0.56;0.33;47;82;12;17;44;2.45
2017-01-23;0.6;0.57;1.39;48;83;15;16;30;4.63
2017-01-24;0.91;0.53;2.69;38;58;14;19;29;6.36
2017-01-25;0.98;0.58;3.2;41;67;10;22;4;7.46
2017-01-26;0.77;0.47;2.54;36;59;24;18;4;5.99
2017-01-27;0.65;0.44;2.06;38;50;23;7;12;5.73
2017-01-28;0.64;0.41;1.42;35;30;22;12;5;4.08
2017-01-29;0.86;0.51;2.08;35;36;10;12;5;6.78
2017-01-30;0.84;0.57;2.31;29;73;24;12;8;8.16
2017-01-31;0.49;0.26;1;32;23;43;12;4;3.34
2017-02-01;0.75;0.42;2.24;38;55;26;19;10;7.05
2017-02-02;0.21;0.2;0.35;20;10;55;7;5;1.55
2017-02-03;0.3;0.24;0.83;30;18;47;6;3;2.8
2017-02-04;0.32;0.27;0.76;28;16;45;8;3;2.14
2017-02-05;0.24;0.17;0.34;15;7;64;7;3;1.14
2017-02-06;0.74;0.48;2.64;55;76;19;7;5;7.54
2017-02-07;0.32;0.2;0.68;31;23;40;7;4;2.68
2017-02-08;0.41;0.26;0.63;39;24;30;10;5;2.6
2017-02-09;0.63;0.3;1.57;47;44;14;16;5;6.02
2017-02-10;0.38;0.26;0.91;43;21;40;10;4;6.08
2017-02-11;0.45;0.23;1.06;31;16;47;12;6;2.44
2017-02-12;0.54;0.32;1.1;30;23;47;11;5;3.96
2017-02-13;0.65;0.46;1.61;52;62;43;7;6;6.57
2017-02-14;1.21;0.51;2.68;50;68;36;10;6;13.78
2017-02-15;2.24;0.67;3.91;50;64;39;15;9;12.2
2017-02-16;1.18;0.52;3.08;52;63;42;18;10;6.36
2017-02-17;1.25;0.51;2.65;55;72;44;22;12;5.74
2017-02-18;1.68;0.49;1.87;49;37;40;20;12;4.82
2017-02-19;0.92;0.35;0.67;32;22;61;19;4;2.77
2017-02-20;0.85;0.5;1.05;45;45;42;25;43;4.3
2017-02-21;0.54;0.4;1.1;30;25;31;20;10;2.64
2017-02-22;0.37;0.28;0.69;27;11;22;24;6;2.37
2017-02-23;0.79;0.35;0.95;38;24;9;21;6;3.04
2017-02-24;0.32;0.23;0.42;31;14;41;10;4;1.65
2017-02-25;0.55;0.28;0.86;31;23;25;17;11;2.18
2017-02-26;0.6;0.27;0.26;24;9;27;20;11;1.1
2017-02-27;0.71;0.26;0.55;25;20;42;13;8;2.15
2017-02-28;0.34;0.2;0.62;27;17;49;11;3;1.85
2017-03-01;0.51;0.28;1.53;37;31;23;11;10;2.89
2017-03-02;0.52;0.4;0.8;38;24;19;13;11;3.05
2017-03-03;0.8;0.27;0.92;34;26;29;12;7;3.99
2017-03-04;0.3;0.22;0.26;23;12;49;11;12;0.91
2017-03-05;0.57;0.31;0.76;31;15;37;10;8;2.37
2017-03-06;0.15;0.15;0.18;14;5;58;13;3;0.87
2017-03-07;0.58;0.27;1.15;33;28;27;11;5;2.81
2017-03-08;0.54;0.28;0.87;30;26;16;21;10;3.29
2017-03-09;0.7;0.68;1.86;41;44;11;24;12;4.81
2017-03-10;1.16;0.59;2.56;56;71;15;25;22;6.75
2017-03-11;0.74;0.33;1.01;27;21;35;26;11;3.56
2017-03-12;0.16;0.16;0.13;13;4;52;14;3;0.58
2017-03-13;0.34;0.17;0.32;22;12;49;13;4;1.18
2017-03-14;0.21;0.16;0.18;23;12;34;16;6;1.15
2017-03-15;0.3;0.18;0.38;25;20;31;22;11;2.33
2017-03-16;0.55;0.4;1.04;33;24;27;21;16;2.67
2017-03-17;0.39;0.17;0.31;22;6;46;23;6;1.13
2017-03-18;0.1;0.15;0.12;13;3;50;19;7;0.74
2017-03-19;0.27;0.25;0.21;16;3;39;26;12;0.77
2017-03-20;0.49;0.23;0.6;25;9;33;23;9;2.18
2017-03-21;0.29;0.17;0.28;28;9;39;10;5;1.71
2017-03-22;0.21;0.15;0.23;22;10;45;10;4;1.21
2017-03-23;0.22;0.15;0.23;22;13;53;11;4;1.08
2017-03-24;0.36;0.17;0.37;29;21;38;13;4;1.49
2017-03-25;0.62;0.28;0.66;38;13;18;14;9;2.36
2017-03-26;0.5;0.19;0.48;22;7;48;11;3;1.8
2017-03-27;0.32;0.18;0.38;26;9;48;8;5;1.91
2017-03-28;0.63;0.32;1.19;41;29;29;13;10;5.16
2017-03-29;0.74;0.4;1.38;44;45;20;12;9;5.7
2017-03-30;0.94;0.37;1.82;40;48;24;15;7;6.3
2017-03-31;0.36;0.21;0.55;30;23;38;13;4;2.88
2017-04-01;0.04;0.12;0.15;9;4;67;9;2;0.45
2017-04-02;0.08;0.12;0.12;4;2;71;9;2;0.19
2017-04-03;0.96;0.29;0.72;33;21;28;16;18;2.45
2017-04-04;0.66;0.32;0.43;24;13;39;20;16;1.61
2017-04-05;0.28;0.11;0.2;14;5;53;12;2;0.47
2017-04-06;0.33;0.14;0.31;23;19;40;17;3;1.3
2017-04-07;0.34;0.26;0.35;27;14;35;18;4;1.81
2017-04-08;0.65;0.34;0.51;31;17;38;19;10;2.44
2017-04-09;0.74;0.64;0.31;31;8;42;34;24;1.4
2017-04-10;0.31;0.39;0.25;18;5;55;27;6;1.03
2017-04-11;0.25;0.1;0.21;13;3;63;17;2;0.72
2017-04-12;0.28;0.39;0.25;16;4;53;30;5;0.77
2017-04-13;0.26;0.4;0.2;17;3;51;32;11;0.57
2017-04-14;0.28;0.21;0.45;16;2;53;31;4;0.51
2017-04-15;0.25;0.11;0.2;11;3;57;18;2;0.3
2017-04-16;0.26;0.11;0.24;12;7;41;13;2;1.02
2017-04-17;0.25;0.1;0.22;9;5;56;16;2;0.4
2017-04-18;0.25;0.1;0.2;8;3;65;19;2;0.29
2017-04-19;0.34;0.1;0.21;13;4;69;15;2;0.51
2017-04-20;0.29;0.11;0.25;20;8;56;23;6;0.67
2017-04-21;0.43;0.3;0.49;32;17;44;28;6;2.22
2017-04-22;0.38;0.43;0.42;30;10;45;23;15;2.36
2017-04-23;0.28;0.36;0.21;16;3;58;18;7;0.76
2017-04-24;0.33;0.56;0.42;32;14;26;21;5;2.48
2017-04-25;0.38;0.12;0.2;21;5;52;13;3;0.63
2017-04-26;0.32;0.11;0.2;16;6;53;8;2;0.38
2017-04-27;0.27;0.13;0.21;18;8;44;9;3;0.5
2017-04-28;0.29;0.14;0.27;21;14;42;9;2;0.81
2017-04-29;0.29;0.21;0.25;20;8;51;9;9;0.86
2017-04-30;0.29;0.13;0.23;10;3;64;5;14;0.6
2017-05-01;0.37;0.16;0.36;19;13;37;6;5;1.3
2017-05-02;0.37;0.16;0.36;19;13;37;9;5;1.3
2017-05-03;0.25;0.19;0.2;13;6;42;8;3;0.78
2017-05-04;0.55;0.27;0.28;20;13;37;17;3;1.68
2017-05-05;0.85;0.34;0.35;37;19;31;16;3;2.57
2017-05-06;0.3;0.32;0.26;29;7;28;11;3;1.19
2017-05-07;0.15;0.37;0.21;24;4;33;13;2;0.65
2017-05-08;0.22;0.35;0.25;30;13;28;15;2;1.34
2017-05-09;0.16;0.28;0.23;29;8;27;20;2;1.32
2017-05-10;0.29;0.35;0.38;33;12;29;16;4;1.96
2017-05-11;0.72;0.37;0.27;38;18;38;11;6;2.54
2017-05-12;0.23;0.31;0.26;35;8;34;14;4;1.62
2017-05-13;0.18;0.33;0.28;29;7;38;12;4;0.92
2017-05-14;0.26;0.41;0.23;26;6;39;13;7;0.68
2017-05-15;0.29;0.39;0.47;32;19;30;12;6;1.55
2017-05-16;0.63;0.35;0.41;33;15;38;16;7;1.45
2017-05-17;0.99;0.29;0.66;30;9;37;16;5;1.43
2017-05-18;0.75;0.19;0.27;27;10;52;9;6;0.94
2017-05-19;0.62;0.22;0.61;28;13;48;11;6;1.67
2017-05-20;0.48;0.19;0.26;23;6;42;10;7;0.72
2017-05-21;0.36;0.55;0.37;38;11;33;13;15;1.18
2017-05-22;0.36;0.28;0.37;25;3;46;19;9;1.18
2017-05-23;0.24;0.18;0.47;15;4;49;19;5;1.64
2017-05-24;0.33;0.55;0.38;31;6;32;19;15;1.92
2017-05-25;0.87;0.43;1.26;55;22;29;19;9;3.92
2017-05-26;0.75;0.29;0.84;44;23;24;18;17;2.96
2017-05-27;0.74;0.38;0.38;28;9;31;23;15;1.34
2017-05-28;0.54;0.2;0.21;15;2;61;19;15;0.6
2017-05-29;0.4;0.4;0.27;27;8;47;14;15;1
2017-05-30;0.27;0.54;0.36;27;5;47;20;13;1.94
2017-05-31;0.3;0.42;0.33;24;7;36;18;7;1.4
2017-06-01;0.77;0.57;1.5;30;11;33;30;8;3.6
2017-06-02;0.37;0.15;0.24;20;4;68;15;2;0.76
2017-06-03;0.41;0.15;0.22;22;4;42;12;3;0.6
2017-06-04;0.34;0.17;0.23;22;5;38;11;3;0.76
2017-06-05;0.35;0.22;0.33;24;12;42;13;21;1.14
2017-06-06;0.22;0.1;0.2;8;3;78;10;2;0.28
2017-06-07;0.44;0.43;0.34;31;9;42;16;16;1.05
2017-06-08;0.35;0.36;0.29;20;16;29;16;16;0.98
2017-06-09;0.35;0.36;0.3;20;17;28;18;9;0.98
2017-06-10;0.25;0.29;0.25;10;24;41;19;9;0.9
2017-06-11;0.41;0.19;0.2;3;19;39;16;9;0.4
2017-06-12;0.31;0.17;0.24;5;20;41;10;2;0.61
2017-06-13;0.2;0.14;0.27;6;20;39;12;2;0.82
2017-06-14;0.41;0.19;0.27;8;20;38;20;3;1.02
2017-06-15;0.25;0.16;0.22;5;21;55;15;5;0.65
2017-06-16;0.15;0.11;0.2;4;16;51;12;5;0.33
2017-06-17;0.15;0.24;0.2;3;16;65;13;6;0.36
2017-06-18;0.29;0.49;0.23;6;31;53;18;8;0.86
2017-06-19;0.58;0.37;0.46;18;50;43;23;9;2.61
2017-06-20;0.5;0.47;0.41;16;47;67;32;14;2.45
2017-06-21;0.41;0.26;0.45;20;29;68;29;10;1.78
2017-06-22;0.22;0.11;0.33;17;3;51;21;6;0.7
2017-06-23;0.38;0.15;0.28;23;3;37;15;7;0.76
2017-06-24;0.35;0.12;0.25;14;3;30;9;6;0.51
2017-06-25;0.35;0.12;0.25;14;3;30;5;6;0.51
2017-06-26;0.3;0.19;0.3;20;8;24;3;9;0.77
2017-06-27;0.41;0.11;0.31;22;6;23;5;8;1.25
2017-06-28;0.31;0.11;0.27;18;11;34;3;6;0.87
2017-06-29;0.29;0.1;0.26;16;7;48;4;6;0.69
2017-06-30;0.33;0.11;0.29;17;7;48;4;5;0.57
2017-07-01;0.33;0.1;0.26;11;4;47;4;8;0.45
2017-07-02;0.4;0.14;0.25;13;4;33;7;13;0.4
2017-07-03;0.3;0.25;0.25;17;4;24;10;13;0.76
2017-07-04;0.36;0.45;0.29;31;9;25;13;18;1.35
2017-07-05;0.35;0.11;0.28;19;3;39;12;8;0.79
2017-07-06;0.38;0.18;0.35;23;5;32;18;16;1.13
2017-07-07;0.52;0.25;0.33;25;6;34;22;14;0.9
2017-07-08;0.36;0.1;0.25;12;2;58;8;4;0.31
2017-07-09;0.42;0.1;0.25;14;2;44;8;4;0.45
2017-07-10;0.34;0.1;0.25;14;6;30;4;4;0.42
2017-07-11;0.32;0.34;0.25;22;6;35;8;13;0.57
2017-07-12;0.49;0.41;0.34;22;13;20;13;13;0.99
2017-07-13;0.28;0.39;0.3;18;5;29;10;9;0.74
2017-07-14;0.26;0.31;0.26;14;3;41;4;5;0.31
2017-07-15;0.26;0.31;0.25;14;4;42;4;6;0.35
2017-07-16;0.25;0.34;0.25;13;3;55;7;8;0.28
2017-07-17;0.55;0.44;0.26;26;6;53;14;10;0.92
2017-07-18;0.54;0.44;0.34;22;4;52;20;7;0.91
2017-07-19;0.44;0.39;0.31;23;9;34;13;8;0.97
2017-07-20;0.29;0.34;0.27;18;4;40;4;6;0.57
2017-07-21;0.45;0.42;0.29;19;5;39;9;8;0.58
2017-07-22;0.3;0.38;0.25;17;4;32;6;12;0.52
2017-07-23;0.28;0.33;0.25;10;2;34;4;6;0.32
2017-07-24;0.25;0.32;0.25;9;4;39;3;6;0.31
2017-07-25;0.36;0.35;0.25;15;4;43;7;7;0.48
2017-07-26;0.47;0.41;0.32;21;5;34;10;9;0.81
2017-07-27;0.43;0.42;0.35;17;11;28;6;8;1.06
2017-07-28;0.35;0.62;0.32;26;5;34;10;11;0.76
2017-07-29;0.34;0.53;0.25;23;6;41;8;15;0.62
2017-07-30;0.3;0.37;0.25;10;2;47;7;7;0.35
2017-07-31;0.34;0.39;0.26;17;5;34;4;6;0.54
2017-08-01;0.29;0.41;0.28;18;5;31;4;5;0.5
2017-08-02;0.33;0.5;0.37;20;11;31;7;8;0.73
2017-08-03;0.45;0.49;0.27;24;9;23;10;11;0.88
2017-08-04;0.34;0.49;0.28;21;12;20;12;10;1.1
2017-08-05;0.29;0.44;0.25;12;2;44;5;7;0.27
2017-08-06;0.25;0.33;0.25;7;2;53;4;6;0.25
2017-08-07;0.42;0.38;0.27;17;5;39;3;7;0.64
2017-08-08;0.33;0.36;0.26;14;6;46;3;6;0.42
2017-08-09;0.37;0.36;0.3;17;6;52;3;5;0.58
2017-08-10;0.28;0.36;0.5;16;5;45;5;5;1.09
2017-08-11;0.3;0.38;0.29;19;8;40;5;7;0.68
2017-08-12;0.27;0.39;0.48;16;5;41;4;6;0.61
2017-08-13;0.29;0.37;0.26;13;4;37;7;6;0.47
2017-08-14;0.33;0.42;0.25;17;5;46;11;7;0.47
2017-08-15;0.36;0.37;0.25;10;2;42;6;6;0.29
2017-08-16;0.32;0.49;0.31;19;5;37;7;7;0.85
2017-08-17;0.34;0.54;0.28;23;9;35;9;10;0.94
2017-08-18;0.48;0.39;0.25;18;6;41;6;7;0.72
2017-08-19;0.3;0.34;0.25;8;2;46;3;7;0.27
2017-08-20;0.37;0.39;0.25;16;6;34;4;7;0.62
2017-08-21;0.54;0.85;0.55;42;21;32;10;13;2.24
2017-08-22;0.7;0.43;0.56;26;9;39;10;9;1.44
2017-08-23;0.77;0.41;0.27;19;8;25;7;7;1
2017-08-24;0.32;0.37;0.27;16;4;28;6;10;0.93
2017-08-25;0.4;0.77;0.35;26;8;23;10;10;1.14
2017-08-26;0.46;0.6;0.31;20;9;26;13;8;1.15
2017-08-27;0.6;0.47;0.37;25;10;16;8;7;1.48
2017-08-28;0.56;0.48;0.39;23;11;30;13;8;1.11
2017-08-29;0.51;0.41;0.26;19;3;44;14;8;0.64
2017-08-30;0.45;0.4;0.27;18;4;36;6;7;0.67
2017-08-31;0.35;0.4;0.55;19;4;40;5;8;1.78
2017-09-01;0.44;0.44;0.35;21;11;36;7;8;0.86
2017-09-02;0.46;0.5;0.28;19;8;31;8;9;0.84
2017-09-03;0.73;0.56;0.32;26;6;25;9;10;1.02
2017-09-04;0.5;0.44;0.26;17;5;25;7;7;0.94
2017-09-05;0.52;0.44;0.33;18;9;33;11;9;0.92
2017-09-06;0.34;0.38;0.28;14;3;43;6;7;0.6
2017-09-07;0.37;0.42;0.28;18;8;30;8;8;0.96
2017-09-08;0.34;0.38;0.25;9;2;47;5;8;0.35
2017-09-09;0.35;0.38;0.26;10;3;47;4;7;0.38
2017-09-10;0.48;0.4;0.29;14;4;35;4;7;0.68
2017-09-11;0.33;0.37;0.27;10;4;46;5;6;0.43
2017-09-12;0.43;0.41;0.28;18;7;24;5;9;0.66
2017-09-13;0.46;0.41;0.37;15;15;19;5;9;0.96
2017-09-14;0.4;0.37;0.26;14;4;41;4;7;0.66
2017-09-15;0.44;0.41;0.29;18;8;24;3;7;0.73
2017-09-16;0.5;0.42;0.38;16;6;27;3;7;1.02
2017-09-17;0.37;0.39;0.26;11;3;36;3;7;0.56
2017-09-18;0.43;0.42;0.36;14;10;25;5;8;0.88
2017-09-19;0.38;0.42;0.28;14;9;26;5;8;0.92
2017-09-20;0.55;0.81;0.65;14;10;16;11;18;2.35
2017-09-21;0.41;0.49;0.42;17;16;32;7;8;1.2
2017-09-22;0.26;0.36;0.25;13;4;47;4;7;0.38
2017-09-23;0.56;0.5;0.37;20;13;25;8;8;1.34
2017-09-24;0.43;0.49;0.26;15;8;36;11;9;0.63
2017-09-25;0.37;0.45;0.27;16;9;30;5;7;0.8
2017-09-26;0.41;0.6;0.42;25;14;19;7;9;1.52
2017-09-27;0.58;0.47;0.74;35;35;20;6;10;2.03
2017-09-28;0.55;0.64;0.75;35;30;18;7;13;2.08
2017-09-29;0.6;0.47;0.47;26;28;30;9;11;1.54
2017-09-30;0.58;0.39;0.32;24;12;42;3;8;0.69
2017-10-01;0.49;0.38;0.26;19;10;23;5;7;0.61
2017-10-02;0.46;0.53;0.31;27;15;18;8;8;1.16
2017-10-03;0.37;0.38;0.28;19;12;18;6;6;0.83
2017-10-04;0.33;0.34;0.26;18;13;22;6;4;0.88
2017-10-05;0.33;0.36;0.29;21;11;37;5;6;0.73
2017-10-06;0.32;0.33;0.26;19;11;42;6;6;0.5
2017-10-07;0.43;0.5;0.29;26;12;33;8;6;0.76
2017-10-08;0.55;0.6;0.3;26;19;27;10;8;1.2
2017-10-09;0.53;0.54;0.38;33;31;22;11;7;1.48
2017-10-10;0.62;0.64;0.64;39;43;15;11;11;2.47
2017-10-11;0.68;0.45;0.62;43;52;25;8;7;2.43
2017-10-12;0.75;0.84;0.7;33;33;17;16;10;2.25
2017-10-13;0.73;0.51;0.43;38;38;20;23;9;1.65
2017-10-14;0.82;0.86;0.7;46;29;17;24;16;1.84
2017-10-15;1.38;0.75;2.63;57;85;8;20;10;6.14
2017-10-16;0.73;0.45;0.66;36;22;37;26;6;2.08
2017-10-17;0.98;0.57;0.36;40;32;12;22;6;1.59
2017-10-18;0.81;0.57;1.11;38;40;10;13;9;1.81
2017-10-19;0.62;0.49;0.63;41;42;10;5;7;1.94
2017-10-20;0.74;0.49;1.27;38;62;21;7;6;2.98
2017-10-21;0.4;0.33;0.27;21;11;48;4;6;0.55
2017-10-22;0.46;0.35;0.3;23;12;33;6;6;0.63
2017-10-23;0.66;0.61;0.5;41;37;14;10;16;1.57
2017-10-24;1.05;0.59;1.6;61;95;9;8;11;3.78
2017-10-25;0.9;0.79;1.64;59;77;9;9;18;3.79
2017-10-26;0.86;0.56;1.24;54;79;18;8;15;3.3
2017-10-27;0.57;0.49;0.71;41;55;20;13;10;2.29
2017-10-28;0.32;0.3;0.25;22;8;39;10;5;0.84
2017-10-29;0.33;0.32;0.25;19;8;40;8;4;0.58
2017-10-30;0.3;0.31;0.25;24;10;36;3;5;0.42
2017-10-31;0.58;0.44;0.58;40;55;17;6;9;1.74
2017-11-01;1.16;0.72;1.61;48;74;4;7;17;4.1
2017-11-02;1.02;0.63;1.09;52;74;5;11;10;3.47
2017-11-03;0.64;0.56;0.66;42;41;11;5;8;2.65
2017-11-04;0.52;0.47;0.5;24;27;25;6;7;1.57
2017-11-05;0.4;0.39;0.34;23;10;45;4;6;0.63
2017-11-06;0.72;0.53;0.45;38;43;23;6;11;1.46
2017-11-07;0.58;0.58;0.38;33;36;18;6;13;1.51
2017-11-08;0.7;0.6;0.35;42;30;28;5;7;1.26
2017-11-09;0.68;0.66;0.43;43;32;15;4;14;1.39
2017-11-10;0.67;0.62;0.47;46;28;21;3;8;1.71
2017-11-11;0.48;0.69;0.29;32;22;21;4;11;1.13
2017-11-12;0.38;0.59;0.31;23;13;31;3;10;0.87
2017-11-13;0.56;0.53;0.5;41;43;31;3;7;1.39
2017-11-14;0.62;0.52;0.35;38;50;16;8;6;1.62
2017-11-15;1.21;0.89;0.31;46;115;5;11;14;3.76
2017-11-16;1.4;0.84;1.14;47;121;9;10;13;4.97
2017-11-17;0.86;0.69;0.45;40;38;10;16;24;2.1
2017-11-18;0.89;0.67;0.59;33;57;13;9;9;2.9
2017-11-19;0.94;0.73;0.73;33;58;9;11;13;2.67
2017-11-20;1.52;1.02;0.93;61;151;3;11;24;5.98
2017-11-21;1.09;1.02;0.58;67;167;3;8;23;5.21
2017-11-22;0.79;1.13;0.25;41;74;28;7;25;3.39
2017-11-23;0.79;1.06;1.87;56;106;22;15;14;5.53
2017-11-24;0.49;0.44;0.45;55;27;13;10;5;1.83
2017-11-25;0.15;0.33;0.26;37;13;31;4;5;0.43
2017-11-26;0.39;0.44;0.39;34;29;15;6;7;1.14
2017-11-27;0.43;0.51;0.74;44;52;7;7;15;1.9
2017-11-28;0.32;0.45;0.56;42;39;17;6;12;1.64
2017-11-29;0.32;0.45;0.56;42;39;17;4;13;1.64
2017-11-30;0.21;0.39;0.37;39;26;27;4;10;1.37
2017-12-01;0.23;0.34;0.36;35;20;40;5;8;0.91
2017-12-02;0.32;0.42;0.27;36;17;25;6;11;0.59
2017-12-03;0.44;0.55;0.39;35;24;14;7;14;1.18
2017-12-04;0.57;0.5;0.87;41;64;13;5;9;2.15
2017-12-05;0.78;0.58;1.14;45;105;7;8;7;2.7
2017-12-06;0.93;0.62;1.31;44;69;6;15;10;3.19
2017-12-07;0.83;0.72;1.2;56;85;4;6;17;3.34
2017-12-08;0.16;0.3;0.26;28;10;35;3;7;0.56
2017-12-09;0.27;0.41;0.33;33;22;24;2;9;0.83
2017-12-10;0.15;0.32;0.27;24;13;50;1;7;0.66
2017-12-11;0.17;0.31;0.26;31;19;38;4;8;0.55
2017-12-12;0.33;0.44;0.43;39;38;22;5;10;1.22
2017-12-13;0.44;0.5;0.86;36;44;23;6;17;2.12
2017-12-14;0.2;0.32;0.37;34;24;33;2;7;0.97
2017-12-15;0.19;0.34;0.28;33;18;40;4;8;0.86
2017-12-16;0.27;0.4;0.32;35;17;25;7;8;0.83
2017-12-17;0.5;0.5;0.5;33;31;17;8;15;1.37
2017-12-18;0.49;0.58;0.49;46;56;6;8;26;1.74
2017-12-19;0.51;0.38;0.77;40;49;20;4;5;2.33
2017-12-20;0.66;0.52;0.89;40;77;6;12;9;2.53
2017-12-21;1.02;0.81;1.33;46;118;4;14;16;3.9
2017-12-22;0.7;0.71;1.1;42;94;7;15;15;3.05
2017-12-23;0.86;0.68;0.81;36;81;9;14;10;2.6
2017-12-24;0.88;0.68;0.88;37;76;6;11;12;2.02
2017-12-25;0.48;0.45;0.36;27;33;22;8;11;1.09
2017-12-26;0.32;0.41;1.01;39;45;27;2;11;1.4
2017-12-27;0.22;0.29;0.31;32;16;40;4;8;0.87
2017-12-28;0.45;0.5;0.82;49;44;18;5;9;2.08
2017-12-29;0.72;0.67;1.71;54;76;13;3;11;4.71
2017-12-30;1.39;0.88;2.69;53;133;8;6;18;6.41
2017-12-31;0.32;0.3;0.41;24;27;38;3;7;1.3
2018-01-01;0.29;0.25;0.46;28;15;41;6;6;1.01
2018-01-02;0.25;0.23;0.32;24;12;45;3;8;0.71
2018-01-03;0.26;0.17;0.26;22;13;39;3;6;0.5
2018-01-04;0.54;0.41;0.63;46;45;21;3;14;2.58
2018-01-05;0.29;0.2;0.28;33;13;48;3;6;0.55
2018-01-06;0.33;0.25;0.26;29;10;41;3;9;0.51
2018-01-07;0.41;0.32;0.39;35;15;36;4;6;0.91
2018-01-08;0.72;0.52;0.67;54;66;7;5;14;1.95
2018-01-09;0.64;0.4;0.61;52;63;12;4;11;1.98
2018-01-10;0.72;0.41;0.79;53;77;19;4;7;2.6
2018-01-11;0.4;0.3;0.3;36;14;29;6;13;0.75
2018-01-12;0.99;0.56;9.52;57;89;3;8;8;3.43
2018-01-13;1;0.58;2.61;59;62;3;6;4;2.97
2018-01-14;0.61;0.39;0.98;46;21;6;7;4;1.38
2018-01-15;0.6;0.45;0.61;48;42;9;7;6;1.71
2018-01-16;0.4;0.21;0.4;35;16;19;4;5;0.83
2018-01-17;0.5;0.27;0.66;46;28;22;6;7;1.24
2018-01-18;0.78;0.43;11.57;59;85;10;13;17;2.4
2018-01-19;0.86;0.43;6.61;54;92;16;5;17;2.9
2018-01-20;0.84;0.3;6.7;55;92;29;5;15;2.91
2018-01-21;0.82;0.34;6.8;54;92;28;2;12;2.92
2018-01-22;0.94;0.55;1.68;50;100;6;7;12;3.45
2018-01-23;0.68;0.45;2.26;45;68;3;6;9;2.11
2018-01-24;0.68;0.5;2.26;48;79;4;9;9;2.11
2018-01-25;0.41;0.26;2.85;48;17;14;3;4;0.77
2018-01-26;0.4;0.3;0.33;42;22;27;6;8;0.74
2018-01-27;0.44;0.31;0.46;41;14;26;7;8;0.68
2018-01-28;0.7;0.4;1.14;42;37;14;10;8;1.26
2018-01-29;0.92;0.68;1.72;57;101;5;15;18;2.72
2018-01-30;0.72;0.52;1.05;47;52;8;18;18;1.95
2018-01-31;0.52;0.37;0.38;41;29;13;16;13;1.17
2018-02-01;0.35;0.24;0.73;38;16;40;5;10;1.38
2018-02-02;0.18;0.29;1.07;43;22;36;7;8;1.59
2018-02-03;0.15;0.33;0.4;33;12;40;3;8;1.15
2018-02-04;0.15;0.24;0.31;26;8;49;5;6;0.66
2018-02-05;0.19;0.22;0.6;32;12;37;5;6;1.24
2018-02-06;0.27;0.34;0.72;46;28;24;9;9;1.78
2018-02-07;0.25;0.33;0.46;47;24;29;8;9;1.43
2018-02-08;0.23;0.32;1.25;47;26;30;9;8;1.87
2018-02-09;0.21;0.37;0.96;52;25;28;4;8;2.18
2018-02-10;0.18;0.34;0.88;42;16;30;5;11;1.89
2018-02-11;0.15;0.3;0.61;33;13;35;1;8;1.48
2018-02-12;0.25;0.28;2.36;43;27;39;4;5;2.22
2018-02-13;0.22;0.31;1.1;47;22;30;4;8;2.15
2018-02-14;1.53;0.83;8.22;74;163;14;2;10;13.65
2018-02-15;1;0.79;7.15;63;129;3;5;8;11.35
2018-02-16;0.55;0.52;2.66;38;53;14;8;14;4.91
2018-02-17;0.38;0.28;1.08;36;22;41;3;5;1.64
2018-02-18;0.25;0.32;1.07;38;12;26;5;7;1.83
2018-02-19;0.17;0.24;0.6;41;16;29;3;6;1.51
2018-02-20;0.18;0.22;0.51;40;16;37;3;6;1.26
2018-02-21;0.15;0.18;0.61;33;15;39;2;4;1.34
2018-02-22;0.25;0.29;0.93;45;29;26;9;7;2.03
2018-02-23;0.32;0.32;1.87;44;24;26;14;6;2.17
2018-02-24;0.45;0.39;1.21;41;30;25;17;7;2.46
2018-02-25;0.52;0.39;1.25;39;19;25;20;11;2.84
2018-02-26;0.31;0.29;0.72;34;18;37;12;5;1.73
2018-02-27;0.14;0.15;0.21;26;6;54;10;3;0.55
2018-02-28;0.35;0.31;0.59;45;28;42;15;10;1.67
2018-03-01;1.14;0.64;0.21;47;76;30;15;18;6.57
2018-03-02;0.64;0.28;0.21;43;28;38;12;12;4
2018-03-03;0.65;0.34;0.36;44;21;33;12;13;4.11
2018-03-04;0.65;0.24;0.36;24;7;48;13;12;4
2018-03-05;0.64;0.41;0.51;58;44;21;13;7;1.64
2018-03-06;0.15;0.27;0.51;34;16;44;13;7;1.64
2018-03-07;0.25;0.22;1.08;40;26;44;13;6;1.87
2018-03-08;0.43;0.31;2.51;47;43;25;13;11;4.15
2018-03-09;0.23;0.16;1.18;28;14;43;12;5;2.27
2018-03-10;0.26;0.2;1.08;28;16;47;12;7;2.17
2018-03-11;0.14;0.14;0.24;12;5;71;12;5;0.41
2018-03-12;0.14;0.16;0.25;24;9;57;12;5;0.57
2018-03-13;0.27;0.28;1.52;43;30;27;12;9;2.83
2018-03-14;0.19;0.21;1.45;38;19;43;8;5;2.8
2018-03-15;0.29;0.25;1.08;37;34;45;9;5;2.52
2018-03-16;0.19;0.28;0.87;39;28;41;9;11;2.02
2018-03-17;0.14;0.19;0.32;27;8;54;5;6;0.8
2018-03-18;0.14;0.19;0.26;21;6;57;5;5;0.51
2018-03-19;0.15;0.21;0.37;26;11;50;6;4;0.85
2018-03-20;0.16;0.24;0.53;35;11;43;17;3;1.04
2018-03-21;0.16;0.26;0.72;38;13;42;12;7;1.09
2018-03-22;0.2;0.49;1.13;49;25;30;13;16;1.93
2018-03-23;0.16;0.29;1;41;18;34;8;11;2.03
2018-03-24;0.14;0.16;0.22;17;7;62;5;4;0.27
2018-03-25;0.18;0.26;0.4;28;8;51;6;5;0.79
2018-03-26;0.26;0.27;0.98;46;23;29;10;7;2.26
2018-03-27;0.15;0.18;0.49;25;20;22;8;9;1.54
2018-03-28;0.15;0.22;0.46;27;21;34;9;9;1.16
2018-03-29;0.14;0.22;0.23;27;7;42;6;7;0.5
2018-03-30;0.14;0.15;0.21;18;7;67;4;6;0.27
2018-03-31;0.16;0.19;0.28;22;7;55;7;4;0.46
2018-04-01;0.32;0.31;1.04;36;20;23;13;9;2.29
2018-04-02;0.26;0.3;1.66;41;34;28;11;5;4.14
2018-04-03;0.24;0.16;0.5;27;10;53;7;5;1.97
2018-04-04;0.21;0.19;0.9;34;18;37;9;5;2.07
2018-04-05;0.25;0.28;1.05;36;18;26;11;7;3.54
2018-04-06;0.25;0.34;1.61;38;37;45;15;7;3.91
2018-04-07;0.14;0.17;0.31;22;6;53;7;3;0.61
2018-04-08;0.14;0.23;0.34;26;10;41;7;5;0.77
2018-04-09;0.3;0.17;0.69;33;11;49;6;3;0.99
2018-04-10;0.46;0.15;1.03;25;8;51;7;3;1.22
2018-04-11;0.45;0.17;1.2;26;12;51;6;6;1.46
2018-04-12;0.77;0.23;2.9;34;27;34;9;6;3.24
2018-04-13;0.72;0.35;1.46;39;15;31;13;6;2.48
2018-04-14;0.59;0.38;1.12;25;7;39;14;8;1.8
2018-04-15;0.58;0.27;1.05;16;3;42;11;4;1.57
2018-04-16;0.56;0.22;1.39;26;17;36;10;5;2.02
2018-04-17;0.74;0.52;2.02;29;26;31;16;13;3.26
2018-04-18;0.87;0.48;2.94;36;21;32;20;24;3.84
2018-04-19;0.73;0.28;1.76;25;12;46;17;16;2.75
2018-04-20;0.51;0.38;1.12;21;4;49;28;10;1.77
2018-04-21;0.91;0.74;2.31;33;23;24;28;11;5.62
2018-04-22;0.96;0.31;1.42;20;6;40;26;7;2.3
2018-04-23;0.43;0.12;0.91;17;4;51;11;3;1.14
2018-04-24;0.38;0.21;0.9;17;4;40;14;3;1.25
2018-04-25;0.45;0.13;1.09;18;4;49;9;4;1.36
2018-04-26;0.36;0.1;0.94;18;4;45;6;3;1.39
2018-04-27;0.39;0.13;1;16;9;56;7;5;1.36
2018-04-28;0.45;0.14;0.89;18;4;51;7;5;1.1
2018-04-29;0.44;0.17;0.87;17;4;40;8;4;1.05
2018-04-30;0.58;0.19;1.15;27;11;42;7;4;1.56
2018-05-01;0.37;0.19;0.86;14;3;57;8;6;1
2018-05-02;0.6;0.26;1.05;25;17;33;10;8;1.56
2018-05-03;0.48;0.16;1;25;8;51;7;3;1.34
2018-05-04;0.42;0.14;0.97;20;8;43;9;4;1.49
2018-05-05;0.46;0.18;0.97;18;6;42;11;6;1.47
2018-05-06;0.41;0.28;1.03;20;4;51;15;8;1.65
2018-05-07;0.98;0.43;1.67;29;21;42;27;13;3.07
2018-05-08;0.57;0.15;0.91;20;3;61;20;4;1.26
2018-05-09;0.47;0.23;1.51;23;5;60;11;5;1.18
2018-05-10;0.36;0.24;0.91;22;3;59;9;7;1.09
2018-05-11;0.51;0.31;1.35;29;17;42;13;11;2.02
2018-05-12;0.38;0.27;1.05;18;4;61;5;7;1.21
2018-05-13;0.4;0.28;0.92;20;4;47;6;9;1.3
2018-05-14;0.37;0.34;0.94;23;5;50;5;9;1.17
2018-05-15;0.49;0.34;1.11;22;9;41;9;14;1.51
2018-05-16;0.41;0.27;1.07;19;6;49;6;9;1.29
2018-05-17;0.36;0.27;0.91;19;4;55;8;9;1.26
2018-05-18;0.41;0.26;0.99;21;3;60;14;10;1.39
2018-05-19;0.36;0.28;0.87;14;2;66;15;11;0.96
2018-05-20;0.36;0.26;0.88;14;2;67;14;15;0.98
2018-05-21;0.4;0.47;1.01;32;10;50;15;20;1.67
2018-05-22;0.4;0.46;1.24;25;7;57;17;13;1.77
2018-05-23;0.38;0.44;1.6;26;4;60;18;8;1.98
2018-05-24;0.39;0.52;1.31;26;5;54;21;14;1.74
2018-05-25;0.38;0.27;1.45;26;4;72;12;8;1.97
2018-05-26;0.39;0.27;0.88;20;4;64;8;8;1.07
2018-05-27;0.45;0.25;0.91;17;2;66;11;9;1.01
2018-05-28;0.48;0.29;0.94;28;5;56;10;10;1.37
2018-05-29;0.52;0.28;1.03;27;7;50;10;10;1.59
2018-05-30;0.44;0.28;1.38;27;12;36;12;12;2.06
2018-05-31;0.52;0.27;0.9;21;4;44;10;11;1.3
2018-06-01;0.45;0.25;0.97;29;7;34;7;10;1.41
2018-06-02;0.66;0.43;0.98;23;7;31;12;16;1.24
2018-06-03;0.58;0.28;0.88;21;2;41;9;9;1.13
2018-06-04;0.44;0.25;1.32;24;7;44;5;10;1.57
2018-06-05;0.39;0.28;1.01;29;10;36;7;13;1.63
2018-06-06;0.37;0.24;1.05;21;10;44;7;10;1.18
2018-06-07;0.36;0.35;0.95;19;4;53;9;12;1.33
2018-06-08;0.38;0.26;0.96;30;8;38;5;9;1.48
2018-06-09;0.37;0.27;0.9;19;5;40;7;11;1.19
2018-06-10;0.4;0.23;1.01;19;4;35;8;10;1.35
2018-06-11;0.54;0.18;1.17;19;7;50;7;9;1.41
2018-06-12;0.35;0.18;0.88;18;6;51;7;9;1.01
2018-06-13;0.39;0.23;0.99;19;7;40;9;11;1.17
2018-06-14;0.37;0.33;0.99;22;9;36;13;15;2.04
2018-06-15;0.42;0.27;1.11;27;9;29;9;11;2.35
2018-06-16;0.41;0.16;0.86;13;3;50;8;12;0.93
2018-06-17;0.51;0.22;0.87;16;2;46;10;14;0.97
2018-06-18;0.43;0.23;0.94;20;9;28;10;13;1.53
2018-06-19;0.35;0.14;0.87;12;4;37;5;10;0.96
2018-06-20;0.41;0.32;0.95;24;7;34;21;20;1.5
2018-06-21;0.37;0.28;0.97;23;5;31;18;15;1.21
2018-06-22;0.41;0.15;0.88;15;3;50;7;10;0.99
2018-06-23;0.49;0.21;0.87;14;2;60;16;11;1.06
2018-06-24;0.7;0.58;0.96;22;3;49;25;14;1.45
2018-06-25;0.39;0.47;1.13;26;13;47;17;13;1.98
2018-06-26;0.39;0.27;0.89;23;4;47;13;12;1.22
2018-06-27;0.39;0.19;0.86;17;5;40;8;11;1
2018-06-28;0.37;0.22;0.94;21;6;33;10;11;1.3
2018-06-29;0.35;0.35;0.92;20;5;39;12;13;1.2
2018-06-30;0.45;0.34;0.99;17;3;41;13;6;1.34
2018-07-01;0.44;0.39;0.92;23;3;41;10;4;1.44
2018-07-02;0.4;0.28;1.17;25;8;39;8;6;1.63
2018-07-03;0.42;0.24;0.93;19;4;52;7;4;1.18
2018-07-04;0.36;0.22;1.12;27;6;38;10;3;1.52
2018-07-05;0.4;0.22;1.37;17;9;50;9;4;1.86
2018-07-06;0.35;0.19;0.89;20;3;54;10;4;1.21
2018-07-07;0.36;0.21;0.87;14;3;49;8;3;1.11
2018-07-08;0.35;0.34;0.86;16;2;51;12;6;1.01
2018-07-09;0.37;0.33;0.89;20;7;57;14;7;1.59
2018-07-10;0.37;0.22;0.95;17;3;76;13;4;1.44
2018-07-11;0.38;0.3;1.06;34;6;42;15;6;2.27
2018-07-12;0.36;0.21;0.95;20;8;55;11;5;1.47
2018-07-13;0.36;0.22;0.88;23;5;53;13;3;1.44
2018-07-14;0.36;0.27;0.85;19;3;55;12;5;1.11
2018-07-15;0.37;0.19;0.87;13;2;63;13;4;1.01
2018-07-16;0.37;0.16;0.85;14;4;50;10;4;0.95
2018-07-17;0.36;0.17;0.99;20;4;30;6;4;2.07
2018-07-18;0.41;0.2;0.99;16;11;30;8;4;1.88
2018-07-19;0.41;0.2;0.9;19;3;46;7;4;1.23
2018-07-20;0.37;0.28;0.9;31;9;35;10;4;1.67
2018-07-21;0.36;0.23;0.9;19;9;19;8;4;1.38
2018-07-22;0.35;0.18;0.85;12;4;33;6;5;0.97
2018-07-23;0.38;0.38;0.87;19;6;36;12;11;1.38
2018-07-24;0.38;0.25;0.97;26;5;37;14;4;1.38
2018-07-25;0.99;0.2;1.4;17;5;34;9;4;2.87
2018-07-26;0.99;0.24;1.41;21;8;28;13;3;2.87
2018-07-27;1.6;0.23;1.4;26;8;26;12;5;4.35
2018-07-28;1.6;0.26;1.84;18;5;30;10;6;4.35
2018-07-29;1.37;0.27;1.07;17;4;44;15;8;2.77
2018-07-30;1.45;0.29;1.94;20;11;34;14;9;4.69
2018-07-31;0.67;0.18;1.11;16;3;42;8;5;2.82
2018-08-01;0.85;0.17;1.3;15;5;35;6;5;3.36
2018-08-02;0.97;0.51;2.63;22;4;37;12;9;4.98
2018-08-03;1.71;0.82;5.32;34;18;37;18;15;8.2
2018-08-04;2.67;0.45;1.01;23;3;57;31;20;3.28
2018-08-05;0.89;0.44;0.9;20;2;52;17;7;2.64
2018-08-06;1.67;0.3;2.9;23;9;57;21;6;5.87
2018-08-07;0.7;0.15;0.56;12;4;54;8;4;2.07
2018-08-08;1.15;0.18;1.24;14;5;40;8;4;3.62
2018-08-09;0.97;0.15;1.27;19;6;38;6;4;3.35
2018-08-10;1.04;0.19;2.07;21;13;32;9;4;4.44
2018-08-11;0.23;0.48;0.5;23;7;38;12;10;1.08
2018-08-12;0.31;0.29;0.49;14;5;38;11;5;0.91
2018-08-13;0.14;0.15;0.18;11;4;45;5;4;0.43
2018-08-14;0.12;0.14;0.25;12;5;37;6;4;0.69
2018-08-15;0.07;0.17;0.14;9;2;47;6;4;0.35
2018-08-16;0.18;0.26;0.3;14;3;44;9;5;0.7
2018-08-17;0.11;0.15;0.2;14;3;41;5;4;0.47
2018-08-18;0.22;0.17;0.3;13;8;34;7;4;0.74
2018-08-19;0.21;0.2;0.28;13;6;41;9;5;0.71
2018-08-20;0.19;0.2;0.53;16;7;44;10;5;1.19
2018-08-21;0.14;0.2;0.41;16;3;47;13;6;1.05
2018-08-22;0.17;0.2;0.46;18;3;50;13;4;1.15
2018-08-23;0.23;0.19;0.33;16;3;52;11;5;0.8
2018-08-24;0.33;0.31;0.34;19;4;40;8;8;0.8
2018-08-25;0.4;0.29;0.13;12;2;54;8;6;0.4
2018-08-26;0.44;0.69;0.25;26;5;40;13;13;0.65
2018-08-27;0.69;0.75;1.01;23;16;41;14;10;2.34
2018-08-28;0.47;0.42;0.44;23;6;58;16;8;1.25
2018-08-29;0.42;0.34;0.32;18;4;48;12;7;0.72
2018-08-30;0.52;0.43;0.52;24;6;36;10;9;1.25
2018-08-31;0.37;0.36;0.66;21;12;37;12;6;1.56
2018-09-01;0.38;0.35;0.44;17;7;42;11;8;1.12
2018-09-02;0.34;0.38;0.36;20;4;51;14;10;1.03
2018-09-03;0.42;0.38;0.55;25;7;57;10;5;1.67
2018-09-04;0.46;0.39;2.06;26;18;58;11;7;1.69
2018-09-05;0.48;0.44;0.68;33;7;57;12;9;1.29
2018-09-06;0.5;0.39;1.09;33;7;44;11;7;1.6
2018-09-07;0.35;0.33;0.74;26;4;47;9;7;1.39
2018-09-08;0.49;0.63;0.8;25;11;40;12;12;1.85
2018-09-09;0.36;0.42;0.21;18;3;51;13;15;0.56
2018-09-10;0.3;0.37;0.69;22;7;48;12;8;1.42
2018-09-11;0.47;0.74;1.44;35;10;27;19;27;2.64
2018-09-12;0.71;0.61;1.04;36;14;33;20;14;2.14
2018-09-13;0.6;0.47;1.35;25;5;51;16;11;2.33
2018-09-14;0.29;0.3;0.58;19;6;41;9;7;1.34
2018-09-15;0.33;0.51;0.5;24;5;41;10;10;1.23
2018-09-16;0.56;0.42;0.37;23;3;42;17;12;0.99
2018-09-17;0.82;0.5;1.26;39;18;31;21;16;2.33
2018-09-18;0.71;0.44;1.23;32;18;32;17;14;2.03
2018-09-19;0.65;0.48;0.86;34;11;37;15;17;1.72
2018-09-20;1.06;0.42;1.08;34;18;32;20;15;2.36
2018-09-21;0.6;0.38;0.85;25;11;28;14;15;1.59
2018-09-22;0.72;0.39;0.47;22;8;31;12;12;1.03
2018-09-23;0.28;0.36;0.22;16;4;27;11;10;0.54
2018-09-24;0.17;0.25;0.23;13;3;56;4;6;0.65
2018-09-25;0.43;0.3;0.52;26;19;41;10;7;1.2
2018-09-26;0.69;0.54;1.8;40;32;20;20;14;3.61
2018-09-27;0.77;0.45;1.15;39;21;46;19;15;2.51
2018-09-28;0.6;0.42;0.54;26;4;56;21;11;1.32
2018-09-29;0.32;0.33;0.34;16;3;72;14;9;0.8
2018-09-30;0.31;0.42;0.23;16;2;80;14;9;0.58
2018-10-01;0.24;0.26;0.27;25;5;55;8;6;0.75
2018-10-02;0.65;0.43;1.54;31;21;35;11;7;2.59
2018-10-03;0.63;0.43;2.13;36;32;27;15;9;2.95
2018-10-04;1.02;0.82;3.51;49;62;15;23;13;5.81
2018-10-05;0.77;0.4;2.38;43;27;36;18;15;2.56
2018-10-06;0.51;0.37;0.91;26;10;35;15;8;1.58
2018-10-07;0.39;0.3;0.69;22;15;39;7;7;1.39
2018-10-08;0.62;0.35;1.23;30;22;24;11;9;2.45
2018-10-09;0.86;0.71;2.48;33;27;17;18;11;4.15
2018-10-10;1.48;0.55;5.68;55;78;20;18;8;9.18
2018-10-11;1.29;0.4;4.81;43;26;25;15;8;6.44
2018-10-12;0.51;0.28;1.42;17;9;47;9;5;3.09
2018-10-13;0.51;0.29;2.01;24;15;43;8;4;3.73
2018-10-14;0.38;0.28;0.82;19;7;51;5;6;1.96
2018-10-15;0.65;0.37;2.12;32;21;23;10;9;4
2018-10-16;0.86;0.49;2.91;31;25;26;14;8;5.89
2018-10-17;0.72;0.46;2.67;30;20;25;17;15;4.65
2018-10-18;0.73;0.34;1.83;35;8;31;12;7;3.85
2018-10-19;1.34;0.44;2.39;36;20;25;19;7;5.05
2018-10-20;0.63;0.37;1.45;26;10;36;18;6;3.56
2018-10-21;0.57;0.38;0.82;20;7;37;21;7;2.34
2018-10-22;0.43;0.29;0.63;25;5;56;15;5;2.12
2018-10-23;0.64;0.34;1.93;30;28;29;13;6;4.09
2018-10-24;0.72;0.4;3.1;34;27;21;16;7;6.61
2018-10-25;0.97;0.5;3.73;34;53;19;21;14;6.56
2018-10-26;0.88;0.44;2.86;30;30;20;18;9;4.42
2018-10-27;0.42;0.28;0.59;23;7;53;4;4;1.46
2018-10-28;0.45;0.31;0.68;23;6;49;7;3;1.52
2018-10-29;0.74;0.4;1.5;40;26;28;9;6;2.79
2018-10-30;1.13;0.63;3.41;44;59;19;16;9;5.05
2018-10-31;0.81;0.61;1.89;38;30;19;12;11;3.39
2018-11-01;0.56;0.51;1.41;34;12;23;10;9;2.35
2018-11-02;0.48;0.45;1.43;31;10;34;7;5;2.63
2018-11-03;0.82;0.48;1.13;25;12;22;12;7;2.24
2018-11-04;0.96;0.56;1.07;26;15;19;13;14;2.49
2018-11-05;0.72;0.51;0.99;33;19;36;7;6;2.3
2018-11-06;0.55;0.5;1.59;33;28;40;9;8;2.83
2018-11-07;0.72;0.44;1.73;38;32;41;12;5;3.15
2018-11-08;1.08;0.55;3.47;41;54;27;17;8;5.48
2018-11-09;0.6;0.43;1.52;33;23;40;8;6;2.68
2018-11-10;1.19;0.56;3.22;38;40;32;14;4;5.15
2018-11-11;1.18;0.57;3.61;39;34;15;15;4;5.85
2018-11-12;1.07;0.62;3.06;40;69;18;17;8;5
2018-11-13;1.26;0.68;4.68;35;80;12;21;7;7.2
2018-11-14;1.86;1.13;8.2;46;119;7;29;17;10.41
2018-11-15;2.01;0.9;10.66;51;141;11;36;8;11.65
2018-11-16;2.1;0.85;9.44;53;138;8;35;14;11.65
2018-11-17;1.81;0.65;8.19;42;98;13;29;5;11.16
2018-11-18;1.13;0.48;3.43;27;32;12;22;7;5.19
2018-11-19;0.92;0.53;2.25;27;38;26;14;6;4.22
2018-11-20;0.71;0.4;0.95;29;13;34;13;4;2.18
2018-11-21;1.39;0.64;4.66;41;81;9;22;7;6.82
2018-11-22;1.13;0.53;3.78;42;65;21;16;6;6.19
2018-11-23;1.99;0.64;4.97;52;62;15;19;11;6.91
2018-11-24;1.74;0.58;2.71;37;28;27;15;25;4.47
2018-11-25;1.15;0.4;1.31;34;15;38;9;8;2.41
2018-11-26;1.79;0.51;4.32;46;51;32;14;9;5.22
2018-11-27;2.56;0.66;6.43;53;98;12;26;21;8.97
2018-11-28;4.18;0.93;11.9;58;163;12;38;28;13.32
2018-11-29;2.83;0.66;7.83;55;101;30;30;10;9.88
2018-11-30;2.7;0.65;8.16;59;86;20;22;20;9.38
2018-12-01;3.3;0.81;7.49;54;90;12;29;21;10.05
2018-12-02;3.6;0.95;9.39;54;98;11;26;26;11.82
2018-12-03;3.23;0.8;10.82;52;129;11;22;11;13.14
2018-12-04;2.17;0.55;5.28;32;89;12;17;16;6.82
2018-12-05;2.46;0.58;7.46;42;88;13;19;16;9.23
2018-12-06;2.65;0.57;6.69;36;67;18;21;11;8.85
2018-12-07;1.91;0.52;5.42;45;58;22;17;12;8.64
2018-12-08;1.95;0.55;5.42;50;61;17;20;17;8.03
2018-12-09;1.47;0.41;2.76;37;26;26;17;15;4.83
2018-12-10;2.39;0.53;6.43;50;91;14;26;12;9.02
2018-12-11;3.75;0.75;9.8;62;147;10;42;25;12.17
2018-12-12;2.55;0.51;4.84;52;55;17;26;24;7.68
2018-12-13;0.71;0.34;1.56;39;16;48;9;9;2.59
2018-12-14;1.18;0.43;2.99;55;52;31;15;11;4.51
2018-12-15;1.49;0.42;4.37;41;44;25;14;9;6.81
2018-12-16;0.73;0.3;1.49;32;9;48;7;10;2.67
2018-12-17;2.27;0.54;7.64;64;95;15;22;19;9.21
2018-12-18;1.27;0.32;4.37;38;46;43;14;7;4.34
2018-12-19;1.55;0.41;4.31;52;46;29;14;12;6.18
2018-12-20;3.03;0.74;9.77;76;158;15;28;22;11.92
2018-12-21;4.96;1.25;19.77;96;309;14;45;20;21.79
2018-12-22;3.22;0.74;10.6;55;126;14;29;14;13.27
2018-12-23;2.68;0.61;6.62;42;86;11;27;20;8.46
2018-12-24;3.36;0.8;10.89;50;145;11;36;20;10.36
2018-12-25;2.89;0.83;6.86;35;83;13;37;14;8.15
2018-12-26;4.09;0.9;11.11;64;221;11;47;20;14.01
2018-12-27;3.25;0.61;9.13;58;135;13;35;26;10.97
2018-12-28;2.72;0.55;8.31;56;85;12;35;30;9.75
2018-12-29;2.09;0.38;5.04;40;44;20;27;7;6.78
2018-12-30;1.74;0.36;3.42;32;47;21;30;8;5.02
2018-12-31;2.43;0.66;4.28;41.54;92.92;13.45;38.12;11;6.3
2019-01-01;1.68;0.36;1.92;28;43.17;23.87;32.98;6.92;3.61
2019-01-02;0.72;0.16;0.93;32.71;10;34;16.64;6;1.96
2019-01-03;1.68;0.34;4.97;50.23;86.14;20.31;25.53;5.23;7.13
2019-01-04;2.03;0.56;5.35;61.29;151;13.41;41.47;8.75;7.06
2019-01-05;2.4;0.8;5.22;58.04;118.37;13.33;52.04;16.08;6.42
2019-01-06;1.8;0.48;4.52;47.5;77;17.95;40.13;11.04;5.23
2019-01-07;1.95;0.44;4.04;45.5;69.83;17.87;41.95;10;5.03
2019-01-08;2.18;0.46;5.47;54.17;98.67;16.16;34.36;11.38;6.76
2019-01-09;1.8;0.36;4.16;57.12;69.04;12.37;20.54;8.75;6
2019-01-10;1.52;0.26;3.82;47.42;44.21;23.75;14.86;4.92;5.46
2019-01-11;2.02;0.5;4.78;63.38;123.04;10.79;32.33;7.96;7.46
2019-01-12;2.21;0.37;4.29;49.88;37.96;16.37;22.88;13.21;5.55
2019-01-13;1.97;0.35;3.13;43.08;33.88;21.62;17.9;14.83;4.51
2019-01-14;1.27;0.28;3.47;45.71;40.25;25.33;14.21;12;5.19
2019-01-15;2.16;0.45;6.1;51.08;104.87;14.29;27.17;13.33;7.67
2019-01-16;1.54;0.35;3.63;45.25;54.67;22.41;21.88;15.29;5.38
2019-01-17;1.27;0.28;2.32;49.24;38.86;29.19;9.12;7.95;4.01
2019-01-18;1.27;0.29;3.61;54.38;38.62;18;14.52;11.5;4.28
2019-01-19;1.32;0.28;2.66;48.54;29.75;20.75;12.48;5.88;3.6
2019-01-20;0.46;0.18;0.95;26.75;6.21;51.66;4.25;5.62;1.55
2019-01-21;0.96;0.28;2.17;50.71;36.83;28.91;11.35;7.92;3.11
2019-01-22;1.18;0.42;1.58;47.65;18.35;34.6;9.68;17.48;2.43
2019-01-23;0.44;0.39;0.7;27.46;10.75;61.33;4.72;22.79;1.38
2019-01-24;0.4;0.42;0.88;31;12.92;50.83;5.29;35;1.59
2019-01-25;1.2;0.5;4.14;45.83;20.04;33.45;10.66;36.38;4.44
2019-01-26;1.68;0.55;3.69;37.88;31.58;22.08;15.95;28.71;5.52
2019-01-27;0.63;0.37;0.55;22.96;6.5;61.41;7.89;23.54;1.31
2019-01-28;0.67;0.41;1.2;36.33;14.17;49.83;8.02;16.79;2.15
2019-01-29;0.8;0.42;1.64;36.25;16.33;47.04;8.8;8;2.49
2019-01-30;1.42;0.46;3.78;59;57.3;34.18;13.19;5.22;5.4
2019-01-31;0.99;0.34;3.25;45.71;52.12;32.7;9.19;3.71;4.66
2019-02-01;0.51;0.17;1.06;34.04;15.58;65.66;6.24;4.21;1.9
2019-02-02;0.56;0.22;0.72;35.46;12.71;51.66;9.75;6;1.54
2019-02-03;1.04;0.3;1.59;40.58;26.67;36.12;14.21;7.75;2.69
2019-02-04;1.9;0.63;7.39;71.04;120.91;15.45;27.91;21.71;8.19
2019-02-05;1.53;0.45;6.34;51.58;83.12;19.58;18.2;13.58;8.45
2019-02-06;1.4;0.46;4.5;47.33;60.83;15.95;21.1;16.5;6.55
2019-02-07;1.16;0.32;2.85;46.08;44.62;28.41;18.07;6.62;4.88
2019-02-08;2.19;0.76;7.97;59.58;97.46;16.12;23.75;38.42;11.22
2019-02-09;2.04;0.68;5.73;48.38;58.12;27.87;15.38;27.88;10.5
2019-02-10;0.72;0.43;1.41;25.83;7.67;60.62;6.11;1;3.25
2019-02-11;1.22;0.5;2.27;42.88;28.54;37.79;12.35;1.83;5.05
2019-02-12;2.65;0.73;4.12;49.14;63.18;21.4;25.62;18.91;7.78
2019-02-13;3.84;0.87;6.6;56.12;96.17;22;27.17;40.38;12.6
2019-02-14;2.85;1.14;13.13;64.62;116.79;19.75;36.05;44.92;13.74
2019-02-15;3.96;0.99;11.45;73.62;170.41;22.12;41.43;41.25;17.65
2019-02-16;3.2;1.1;7.8;64.5;97.58;20.87;45.5;49.12;15.85
2019-02-17;2.62;0.74;3.9;49.38;37.5;31.87;32.85;35.5;9.05
2019-02-18;1.36;0.36;1.37;46.25;8.88;39.37;13.95;8;3.62
2019-02-19;0.82;0.31;2.4;45.92;49.25;29.5;12.35;5.33;3.83
2019-02-20;1.41;0.68;4.37;49.92;71.54;19.37;22.4;14.21;6.68
2019-02-21;1.28;0.62;4.05;61.65;111.3;21.45;30.3;9.6;7.24
2019-02-22;1.62;0.84;5.83;69.54;122.08;20;37.4;17.54;8.88
2019-02-23;1.59;0.53;4.18;53.5;54.58;27;34.49;9.25;7.77
2019-02-24;0.84;0.68;1.43;47.75;44.5;25.62;33.76;18.71;3.48
2019-02-25;2.37;0.7;4.94;63;96.25;19.37;33.37;19.46;10.46
2019-02-26;1.06;0.64;2.91;64.5;79.08;24;29.99;19.17;4.71
2019-02-27;1.14;0.57;2.83;63.08;73.67;30;30.72;14.75;5.84
2019-02-28;0.97;0.45;2.29;54.61;50.96;26.82;27.61;15.7;3.99
2019-03-01;0.17;0.44;0.34;44.46;23.33;29.79;25.48;18.46;0.6
2019-03-02;0.1;0.48;0.24;43.54;28.75;30.12;19.85;15.17;0.44
2019-03-03;0.11;0.36;0.12;27.96;9.96;41.58;19.8;11.17;0.25
2019-03-04;0.11;0.22;0.12;23.71;6.25;67.54;11.48;4.12;0.25
2019-03-05;0.49;0.35;0.76;32.75;20.58;43.83;27.73;7;1.52
2019-03-06;0.49;0.19;0.7;24.83;7.83;57.29;8.15;5.25;1.53
2019-03-07;0.49;0.3;0.76;39.33;24.38;43.41;9.06;6.21;1.52
2019-03-08;0.87;0.26;1.4;37.92;19.25;43;9.4;5.96;2.82
2019-03-09;0.87;0.29;1.4;29.83;9.83;27.33;11.31;10.08;2.82
2019-03-10;0.65;0.23;0.12;17.46;3.96;43.7;11.87;9.08;1.31
2019-03-11;0.8;0.22;0.98;31.21;13.79;48;8.75;5.88;2.6
2019-03-12;1.07;0.3;1.83;31.18;28.86;39.63;11.44;8.91;3.95
2019-03-13;0.74;0.25;0.34;27.67;10.29;55.66;6.59;5.96;1.86
2019-03-14;0.66;0.22;0.35;23.96;11.12;57.45;6.37;4.79;1.8
2019-03-15;1.26;0.3;1.45;40.33;18;39.45;12.48;5.79;4.07
2019-03-16;1.52;0.33;1.83;28.04;22.21;41.66;16.73;5.88;3.95
2019-03-17;0.6;0.21;0.22;19.54;3.62;65.91;7.19;4.67;1.35
2019-03-18;0.88;0.26;0.38;28.96;9.33;51.37;8.28;7.88;2.05
2019-03-19;0.92;0.36;0.95;43.25;15.58;43.12;9.32;7.46;2.8
2019-03-20;0.82;0.25;1.12;33.12;9.71;44.62;9.01;5.29;4.08
2019-03-21;0.94;0.27;0.91;37.96;18.96;44.45;13.17;8.54;4.63
2019-03-22;1.44;0.56;2.29;50.54;31.92;33.04;20.89;16.08;5.28
2019-03-23;1.15;0.56;1.47;43.38;15.21;39.29;22.62;15.25;3.62
2019-03-24;0.9;0.35;0.89;27.58;9.33;53.75;18.72;7.79;2.64
2019-03-25;0.59;0.19;0.22;22.25;2.71;63;12.52;3.67;2.68
2019-03-26;0.61;0.2;1.08;24.22;5.57;64.13;10.26;3.13;2.08
2019-03-27;0.82;0.27;0.78;29.62;12.08;52.7;15.6;8.46;3
2019-03-28;0.88;0.27;0.91;33.5;10.83;47.58;16.08;5.33;2.52
2019-03-29;0.8;0.4;1.37;34.92;5.38;48.16;18.94;4.17;3.12
2019-03-30;1.09;0.53;1.76;43.96;11.71;38.33;21.06;11.75;4.49
2019-03-31;0.82;0.32;0.72;33.88;5.54;48.08;16.08;5.21;2.75
2019-04-01;1.09;0.53;1.71;42.75;17.46;40.83;17.98;10.42;4.18
2019-04-02;0.85;0.33;1.11;32.25;15.54;50;14.39;6.96;2.56
2019-04-03;0.59;0.22;0.16;24.88;8.83;64.25;3.64;4.71;1.07
2019-04-04;0.88;0.26;1.02;41.25;15.33;46.5;7.71;5.25;2.6
2019-04-05;0.94;0.26;0.7;35.46;14.08;45.91;7.89;6.17;2.41
2019-04-06;1.08;0.29;0.7;30.54;11.83;44;9.88;6.54;2.49
2019-04-07;0.62;0.23;0.25;23.12;4.5;62.54;6.2;5.21;1.19
2019-04-08;0.91;0.27;0.62;33.92;15.67;45.5;8.45;5.12;2.39
2019-04-09;1.17;0.34;1.89;30.08;14.42;45.66;7.76;8.71;4.22
2019-04-10;0.68;0.26;0.26;28;7.73;57;6.67;4.73;1.36
2019-04-11;0.9;0.34;0.79;39.17;15.21;33.54;12.65;4.75;2.58
2019-04-12;1.12;0.49;1.32;39.29;18.62;37.04;18.07;6.08;3.8
2019-04-13;1.08;0.53;2.18;41.46;13.08;38.5;19.46;10.33;3.71
2019-04-14;0.8;0.34;2.39;27.83;5;30.2;14.04;11.58;2.37
2019-04-15;0.9;0.29;2.14;25.42;22.46;36.2;10.83;6.92;3.24
2019-04-16;0.9;0.31;2.14;30.83;11.54;40.12;8.88;6.42;3.24
2019-04-17;0.99;0.32;1.89;31.67;18.62;49.83;13.04;8.25;4.11
2019-04-18;0.52;0.2;0.45;19.17;3.25;57.54;8.1;5.88;1.79
2019-04-19;0.31;0.33;1;22.42;4.58;60.95;9.06;5.04;1.75
2019-04-20;0.84;0.59;1.53;34.62;12.25;44.75;16.99;9.25;3.09
2019-04-21;0.68;0.39;0.71;23.29;2.67;64.95;15.64;7.5;1.42
2019-04-22;0.74;0.39;0.58;31.5;9.12;55.33;14.56;10.08;2.27
2019-04-23;0.6;0.38;0.24;26.91;5.65;57.77;6.67;5.91;1.34
2019-04-24;0.62;0.62;0.85;24.33;9.71;50.7;7.67;7.5;2.09
2019-04-25;0.59;0.6;0.6;27.25;14;55.2;7.58;9.62;2.11
2019-04-26;0.43;0.56;0.3;22.12;6.54;58.83;7.32;6.21;1.2
2019-04-27;0.6;0.56;0.9;18.75;4.25;52.75;8.84;5.25;1.14
2019-04-28;0.24;0.54;0.17;12.42;2.17;62.2;7.5;3.92;0.84
2019-04-29;0.97;0.84;0.92;29.33;15.25;38.41;12.44;9.62;2.87
2019-04-30;0.74;0.93;0.99;29.08;8.71;39.33;19.15;8.96;4.03
2019-05-01;0.48;0.6;0.85;17.75;2.5;60.08;8.93;5.25;1.56
2019-05-02;0.55;0.59;0.97;22.71;10.46;49.87;9.01;4.75;2.32
2019-05-03;0.43;0.57;0.53;26.92;5.88;57.62;6.93;4.33;1.67
2019-05-04;0.4;0.59;0.69;19.75;7.08;52.37;8.45;5.62;1.44
2019-05-05;0.15;0.5;0.08;10.58;2.04;68.2;6.85;4.12;0.41
2019-05-06;0.99;0.6;0.62;27.42;12.04;46.83;16.08;6.12;2.09
2019-05-07;1.05;0.69;2.2;41;12.45;32;17.11;12.59;3.59
2019-05-08;0.32;0.52;0.51;18.5;5.75;63.37;8.15;4.33;1.45
2019-05-09;0.97;0.67;1.52;41.5;16.88;32.58;15.43;8.33;3.33
2019-05-10;0.79;0.66;2.16;20.58;26.92;33.66;12.83;4.17;3.61
2019-05-11;0.32;0.53;0.26;15.04;2.88;54.41;8.45;2.21;0.96
2019-05-12;0.26;0.51;0.21;10.21;2.17;56.25;9.88;5.12;0.87
2019-05-13;0.33;0.53;0.47;19.92;8.42;57.29;10.88;5.58;1.81
2019-05-14;0.61;0.91;1.39;31.42;12.08;46.5;16.21;12.17;2.81
2019-05-15;0.94;1.09;2;38.08;14.17;41.83;22.75;19.42;3.82
2019-05-16;0.55;0.57;0.47;22.88;4.04;63.04;14.21;4.71;1.51
2019-05-17;0.48;0.63;0.62;26.12;8.79;58.5;7.19;3.92;1.6
2019-05-18;0.37;0.56;0.56;16.58;5.21;54.25;5.85;3.88;1.3
2019-05-19;0.3;0.52;0.39;15.04;3;59.04;8.02;3.71;0.96
2019-05-20;0.77;0.64;1.13;25.88;8.12;46.91;12.87;5.62;2.28
2019-05-21;0.57;0.52;1.17;28.48;8.92;43.3;14.98;7.5;2.15
2019-05-22;0.38;0.39;1.21;31.08;9.71;39.7;18.76;9.38;2.02
2019-05-23;0.31;0.27;0.48;21.38;5.04;51.04;11.27;4.88;1.35
2019-05-24;0.34;0.24;0.76;17.71;9.29;48.41;8.45;4.79;1.12
2019-05-25;0.23;0.24;0.26;14.88;3.33;52.16;9.62;5.38;0.7
2019-05-26;0.3;0.24;0.25;12.12;3.08;46.7;8.15;4.83;0.62
2019-05-27;0.29;0.24;0.36;16.67;8.88;44.5;7.84;4.46;0.91
2019-05-28;0.29;0.25;0.44;18.08;10.46;43.25;9.06;4.75;0.98
2019-05-29;0.47;0.43;0.92;23.88;9.83;37.91;11.14;7.92;1.4
2019-05-30;0.38;0.34;0.68;20.98;10.15;40.58;10.1;6.33;1.2
2019-05-31;0.68;0.41;1.08;28.82;9.03;46.76;12.26;9.65;1.5
2019-06-01;0.98;0.5;1.48;36.67;7.92;52.95;14.43;13;1.81
2019-06-02;0.82;0.53;0.9;28.5;4.79;43.66;16.55;14.08;1.34
2019-06-03;0.4;0.74;0.71;27.62;10.38;32.25;18.76;11.67;1.28
2019-06-04;0.36;0.44;0.76;18.88;4.88;51.66;11.7;3.92;2.19
2019-06-05;0.25;0.38;0.38;21.18;9.82;47.45;6.39;2.77;0.95
2019-06-06;0.33;0.28;0.55;21.33;14.29;47.37;6.93;2.92;1.14
2019-06-07;0.2;0.25;0.28;17.04;8.96;67.79;7.89;2.33;0.6
2019-06-08;0.32;0.27;0.58;18.46;9.33;45;8.62;4;1.16
2019-06-09;0.2;0.29;0.3;18.62;3.21;50.54;7.63;4.46;0.75
2019-06-10;0.29;0.27;0.47;18.25;8.17;51.95;9.23;3.71;0.87
2019-06-11;0.19;0.24;0.26;12.67;4.42;64.29;5.46;4.92;0.48
2019-06-12;0.28;0.26;0.43;19.12;9.46;56.16;7.76;5.62;0.93
2019-06-13;0.51;0.4;1;26;10.54;42.62;9.49;4.79;1.48
2019-06-14;0.47;0.36;1.25;30.54;11;37;13.13;5.21;1.63
2019-06-15;0.28;0.28;0.66;17.04;4.54;57.62;10.53;3.42;0.72
2019-06-16;0.19;0.35;0.4;16.96;3.5;54.12;10.7;3.96;0.67
2019-06-17;0.48;0.31;0.63;26.38;6.17;42.16;19.07;6.21;1.17
2019-06-18;0.68;0.47;1.16;29.52;15.48;37.39;20.04;8.74;2.07
2019-06-19;0.45;0.34;0.85;20.92;16;43.62;9.66;7.96;1.89
2019-06-20;0.16;0.28;0.42;21.08;4.42;50.91;6.67;5.04;0.92
2019-06-21;0.13;0.23;0.24;15.29;4.96;48.16;4.9;5.04;0.65
2019-06-22;0.52;0.32;0.61;19.46;8.96;41.7;11.53;9.04;1.13
2019-06-23;0.45;0.33;0.33;19.29;3.21;43.04;12.83;3.96;1.04
2019-06-24;0.55;0.45;0.94;30.21;14.33;21.91;14.6;2.96;2.09
2019-06-25;0.42;0.4;1.09;24.21;10.08;32.04;13.04;4;1.8
2019-06-26;0.26;0.27;0.44;17.83;5.21;53.45;9.36;4.5;1.16
2019-06-27;0.37;0.36;0.63;22.08;10.29;50.04;11.4;6.08;1.46
2019-06-28;0.21;0.41;0.39;20.38;5.92;52.25;10.49;5;1.09
2019-06-29;0.25;0.28;0.36;13.83;2.96;51.83;13.52;3.29;0.86
2019-06-30;0.13;0.27;0.26;9.83;2.38;47.79;9.97;2.54;0.54
2019-07-01;0.15;0.5;0.63;13.5;3.92;49.83;6.28;2.3;1
2019-07-02;0.16;0.43;0.63;14.68;3.95;49.63;7.99;2.06;1
2019-07-03;0.2;0.33;1;19.54;5.5;43.2;10.92;1.58;1.47
2019-07-04;0.24;0.48;1.21;25.38;10.12;39.75;18.85;4.08;2.03
2019-07-05;0.11;0.47;0.22;21.71;5.71;65.04;17.12;4.54;0.34
2019-07-06;0.26;0.38;0.26;19.83;3.62;56.25;15.77;5.5;0.41
2019-07-07;0.29;0.43;0.21;13.71;2.25;60.29;15.64;4.38;0.54
2019-07-08;0.17;0.37;0.32;17.75;3.5;63.75;11.92;3.75;0.94
2019-07-09;0.49;0.4;0.59;21.46;6.67;58.62;12.74;7.58;1.41
2019-07-10;0.3;0.56;0.96;24.71;6.08;55.29;17.07;15;2
2019-07-11;0.55;0.7;1.37;29.12;11.54;53.41;19.02;17.67;2.88
2019-07-12;0.23;0.4;0.51;18.5;4.42;70.83;12.65;7.92;1.4
2019-07-13;0.11;0.29;0.22;10.71;2.5;65.75;7.41;4.88;0.63
2019-07-14;0.12;0.36;0.28;11.67;2.29;60.62;9.14;10.29;0.55
2019-07-15;0.2;0.32;0.5;17;5.12;66.87;13.04;8.46;1.38
2019-07-16;0.2;0.33;0.88;19.04;6.83;60.5;9.92;5.33;1.31
2019-07-17;0.2;0.32;0.73;22.96;4.71;54.04;9.88;3;1.5
2019-07-18;0.67;0.41;0.81;18.35;7.65;40.18;12.01;11.77;1.39
2019-07-19;0.34;0.65;1.21;22.17;10.04;41.29;13.69;14;1.61
2019-07-20;0.4;0.36;0.45;16.04;3;39.75;11.18;5.88;1.07
2019-07-21;0.14;0.3;0.26;10.67;2.25;37.58;6.93;4.83;0.68
2019-07-22;0.13;0.33;1.74;13.12;3.42;38.91;11.31;2.96;1.18
2019-07-23;0.44;0.49;0.85;22.29;7.83;37.5;18.81;5.21;1.73
2019-07-24;0.53;0.77;2.2;26.29;5.67;45.95;18.72;16.29;2.11
2019-07-25;0.41;0.5;2.29;20.33;10.5;39.87;14.47;9.62;3.07
2019-07-26;0.21;0.31;0.71;17.62;6.83;39.7;6.67;5.21;1.01
2019-07-27;0.21;0.33;0.48;12.88;4.12;44;5.76;14.04;0.83
2019-07-28;0.23;0.43;0.43;14.38;4.62;43.45;8.45;25.92;0.96
2019-07-29;0.36;0.35;0.67;14.12;11.58;48.33;8.41;9.17;1.4
2019-07-30;0.28;0.41;0.66;16.57;6.3;57.78;7.42;20.91;1.01
2019-07-31;0.3;0.45;0.75;16.88;10.46;50.26;9.49;29.5;1.35
2019-08-01;0.2;0.48;1.49;17.42;5.5;55.7;8.49;12.92;1.36
2019-08-02;0.37;0.51;1.21;19.71;11.96;46.33;11.7;4.33;1.8
2019-08-03;0.47;0.52;1.17;20.25;3.42;46.5;17.51;9.17;1.58
2019-08-04;0.56;0.38;0.78;15.12;2.29;48.54;16.99;5.21;1.14
2019-08-05;0.48;0.59;2.49;23.17;7.62;45.33;15.56;19.08;1.52
2019-08-06;0.48;0.37;0.7;20.88;7.75;34.83;11.57;5.71;1.7
2019-08-07;0.49;0.45;0.98;21;14.96;31.16;10.88;6.54;2.19
2019-08-08;0.59;0.43;3.1;18.46;14.96;26.12;8.62;11.71;2.04
2019-08-09;0.4;0.4;2.29;23.88;7.5;37.87;12.31;5.29;1.76
2019-08-10;0.4;0.38;2.28;17.29;4.38;52.79;9.01;7.75;1.7
2019-08-11;0.35;0.31;1.46;11.83;3.17;55.41;7.58;2.08;1.57
2019-08-12;0.35;0.4;1.46;16.94;6.83;48.83;8.95;5.56;1.58
2019-08-13;0.31;0.49;0.63;22.04;10.5;42.25;10.31;9.04;1.46
2019-08-14;0.35;0.51;0.72;17.38;10.04;42.66;8.88;11.88;1.39
2019-08-15;0.34;0.59;0.57;20.56;9.31;41.28;10.36;9.02;1.3
2019-08-16;0.34;0.59;0.58;20.56;9.31;41.28;10.36;9.02;1.16
2019-08-17;0.34;0.67;0.57;23.75;8.58;39.91;11.83;6.17;1.16
2019-08-18;0.33;0.48;0.43;15.42;3.71;43.62;6.98;4.33;1.01
2019-08-19;0.26;0.39;0.3;16.67;6.17;50.87;6.93;4.33;0.67
2019-08-20;0.2;0.28;0.26;14.29;3.25;50.5;6.72;1.96;0.74
2019-08-21;0.24;0.32;0.6;16.79;7.29;54.12;8.93;4.83;1.26
2019-08-22;0.26;0.35;0.66;24.04;5.42;56.54;11.27;5.29;1.33
2019-08-23;0.52;0.72;2.17;44.92;15.88;47.54;15.82;10.42;2.97
2019-08-24;0.41;0.38;0.7;17.88;3.08;70.91;16.47;5.42;1.3
2019-08-25;0.19;0.37;0.2;12.71;2.29;63.08;12.35;4.08;0.57
2019-08-26;0.28;0.4;0.48;21.58;4.33;49.54;13.87;3.08;1.13
2019-08-27;0.54;0.44;0.54;22.58;4.08;49.66;15.73;6.17;1.6
2019-08-28;0.37;0.35;0.44;18.65;4.61;48.56;11.53;3.35;1.44
2019-08-29;0.29;0.41;0.52;22.12;3.88;55.29;11.66;4.79;1.42
2019-08-30;0.29;0.33;0.63;18.79;6.08;40.2;11.48;3.71;1.93
2019-08-31;0.35;0.38;0.36;17.58;3.62;45.08;11.66;5.46;1.22
2019-09-01;0.24;0.31;0.21;12.08;2.54;54.91;6.46;4.04;0.55
2019-09-02;0.15;0.32;0.21;14.29;3.38;55.37;5.68;3.75;0.82
2019-09-03;0.35;0.32;0.97;24.83;9.83;46.12;9.32;4.5;1.74
2019-09-04;0.4;0.37;1.07;21.54;10.46;53.87;10.62;5.58;1.82
2019-09-05;0.27;0.31;0.35;17.04;4.88;53.83;6.41;4.46;2
2019-09-06;0.33;0.31;0.65;23.67;10.38;43.33;7.71;3.92;2.04
2019-09-07;0.38;0.34;0.81;21.38;6.58;48.83;8.02;6.21;1.41
2019-09-08;0.46;0.31;0.74;15.96;4.58;43.62;8.1;5.17;1.21
2019-09-09;0.48;0.31;0.25;12.25;3.33;57.29;7.79;4.17;1.12
2019-09-10;0.32;0.32;0.36;18.55;8.59;45.86;7.79;3.68;1.15
2019-09-11;0.43;0.3;0.45;22.79;9.33;42.62;7.84;3.92;1.47
2019-09-12;0.66;0.33;1.14;21.83;15.88;40.2;10.66;7;2.16
2019-09-13;0.34;0.3;0.63;22.67;9.42;48.16;11.01;6;1.88
2019-09-14;0.35;0.35;0.59;18.12;3.21;53.87;14.52;6.42;1.43
2019-09-15;0.45;0.47;0.25;16.17;2.33;57.08;20.54;7.62;0.92
2019-09-16;0.56;0.54;0.95;30.92;6.33;46.41;21.1;13.04;2
2019-09-17;0.53;0.51;1.75;30.04;6.62;41.33;15.21;7.12;3.01
2019-09-18;0.46;0.34;1.03;19.58;8.71;48;9.58;4.67;2.04
2019-09-19;0.27;0.31;0.45;21.58;4.38;59.08;9.58;4.83;1.35
2019-09-20;0.76;0.44;2.36;28.21;16.04;38.33;17.12;5.71;2.48
2019-09-21;0.42;0.33;0.51;19.04;4.83;47.75;14.86;5.58;1.36
2019-09-22;0.38;0.3;0.58;18.79;6.79;37.37;6.54;5.29;1.46
2019-09-23;0.79;0.37;1.41;30.83;23.04;17.2;11.96;6.25;2.76
2019-09-24;0.56;0.31;1.08;24.25;17.17;31.33;8.75;2.62;3.03
2019-09-25;0.92;0.33;1.86;29.7;22.78;29.86;9.36;4.48;3.96
2019-09-26;0.87;0.49;1.67;30.04;20.12;32.58;13.74;8.25;3.07
2019-09-27;0.5;0.32;0.79;24.46;11.04;41.83;11.14;5.71;2.27
2019-09-28;0.34;0.43;0.61;27.33;7.54;49.25;10.49;7;2.03
2019-09-29;0.42;0.28;0.67;19.33;7.25;33.75;10.66;3.67;2.09
2019-09-30;0.45;0.35;1.01;21.21;14.67;31.66;9.36;6.79;2.18
2019-10-01;0.21;0.28;0.35;18.33;12.83;45.79;10.31;4.96;1.11
2019-10-02;0.3;0.24;0.44;17.38;5.75;59.87;6.46;4.33;1.36
2019-10-03;0.55;0.29;0.99;26.21;11.46;37.29;9.58;4.42;2.18
2019-10-04;0.33;0.25;0.48;27.46;6.25;41;7.32;3.71;1.89
2019-10-05;0.44;0.28;0.73;22.33;9.58;38.08;9.66;4.33;2.34
2019-10-06;0.35;0.28;0.8;17;3.38;42.04;9.45;3.54;1.58
2019-10-07;0.62;0.39;1.86;34;21.25;33.04;13.78;6.29;3.33
2019-10-08;0.57;0.31;1.8;27.54;19.91;34.59;10.65;7.55;3.13
2019-10-09;0.57;0.28;1.8;26.67;16.08;36.29;8.06;4.54;3.13
2019-10-10;0.51;0.34;1.75;28.71;19.71;31.33;10.49;6.17;2.93
2019-10-11;0.73;0.39;3.04;28.12;28.83;37.5;14.52;5.58;4.53
2019-10-12;0.52;0.39;0.95;21.21;3.92;48.83;16.81;3.62;1.68
2019-10-13;0.44;0.27;0.52;16.5;4;54.33;9.92;5.12;1.46
2019-10-14;0.38;0.26;0.49;27.71;10.21;50.7;5.63;3.79;1.61
2019-10-15;0.64;0.25;1.55;37.83;33.46;34.91;9.14;3.88;3.57
2019-10-16;0.62;0.12;1.78;39.54;26;25.62;10.05;4.79;4.04
2019-10-17;0.55;0.35;1.58;29.21;12.29;31.08;9.23;4.83;3.26
2019-10-18;0.7;0.6;1.63;37.46;26.62;21.79;11.09;6.21;3.39
2019-10-19;0.33;0.49;0.49;22.75;3.92;45.29;6.28;3.75;1.43
2019-10-20;0.39;0.52;0.44;21.92;5.04;51.2;5.55;4.42;1.42
2019-10-21;0.49;0.56;1.3;31.71;17.62;30.66;7.37;5.17;2.23
2019-10-22;0.57;0.59;1.59;29.78;18.65;28.52;9.54;8.87;2.25
2019-10-23;0.52;0.57;0.91;36.83;14.38;41.2;7.54;5.62;2.28
2019-10-24;0.85;0.66;2.64;38.29;44.79;26.04;11.66;5.38;5.14
2019-10-25;0.78;0.64;3.42;30.04;39.96;20.66;11.31;6.92;4.33
2019-10-26;1.54;0.94;4.67;40.62;68.54;16.75;19.63;8.17;8.15
2019-10-27;1.01;0.86;2.46;36.75;25.88;18.29;16.6;14.79;4.37
2019-10-28;1.38;0.89;4.23;46.25;59.62;17.54;21.19;16.04;7.16
2019-10-29;1.03;0.75;5.32;41.46;41.33;21.62;17.72;9;7.12
2019-10-30;1.42;0.68;4.56;38.38;45.29;12.41;15.9;7.38;6.99
2019-10-31;0.92;0.61;2.93;31.5;29.79;15.55;10.7;10.54;4.29
2019-11-01;0.84;0.73;2.49;25.79;22.46;42.1;7.63;10;4.5
2019-11-02;0.34;0.45;0.54;17.5;6.33;42.1;3.77;2.12;1.42
2019-11-03;0.24;0.43;0.59;10.38;3.54;68.66;5.46;4.67;0.94
2019-11-04;0.45;0.48;1.26;19.58;10.58;62.04;4.9;6.29;2.58
2019-11-05;0.41;0.5;0.55;23.33;13.21;49.5;7.8;5.08;1.39
2019-11-06;0.63;0.55;1.36;32.21;20.54;37.87;7.28;5.12;2.55
2019-11-07;0.34;0.49;0.7;22.32;11.09;57.09;4.9;5.5;1.52
2019-11-08;0.48;0.55;0.84;33.17;16.38;45.37;7.58;3.88;1.91
2019-11-09;0.32;0.49;0.48;23.79;7.92;50.41;6.63;4.92;1.14
2019-11-10;0.43;0.54;0.53;23.58;7;48.87;6.28;7.08;1.32
2019-11-11;0.47;0.53;0.89;30.75;13.83;45.12;10.44;5.58;1.47
2019-11-12;0.7;0.55;1.13;39.38;21.88;28.45;9.4;6.04;2.29
2019-11-13;0.38;0.51;0.78;28.96;13.12;51.75;5.24;4.79;1.64
2019-11-14;0.44;0.52;0.5;30.92;16.17;56.08;5.68;8.08;1.21
2019-11-15;0.56;0.58;0.61;35.79;18.46;43.66;7.02;4.92;1.55
2019-11-16;0.54;0.61;0.67;29.62;11.08;46.79;6.72;7.92;1.71
2019-11-17;0.45;0.57;0.87;25.33;6.88;48.91;7.15;4.71;1.55
2019-11-18;0.84;0.66;1.22;39.04;31.38;30.75;10.31;6.54;2.86
2019-11-19;1.17;0.69;3.83;42.38;55;15.66;14.34;14.21;5.05
2019-11-20;1.35;0.68;4.12;46.21;68.81;16.08;16.94;22.66;5.54
2019-11-21;1.52;0.66;4.41;50.04;82.62;16.5;19.54;31.12;6.04
2019-11-22;0.56;0.35;1.07;28.46;16.96;48.87;8.88;13.71;2.22
2019-11-23;0.5;0.4;0.61;28.42;12.46;52.29;7.45;9.96;1.44
2019-11-24;1.07;0.51;2.14;41.42;33.08;20.5;12.52;8.92;3.83
2019-11-25;1.5;0.67;3.94;43.75;96.67;13.12;17.72;8;6.93
2019-11-26;0.72;0.44;2.05;32.96;32.25;37.58;9.06;13.12;3.42
2019-11-27;0.88;0.45;2.54;46.33;40.92;36.7;11.14;7.88;4.01
2019-11-28;0.88;0.44;2.54;46.52;35.87;13.82;13.75;6.61;4.01
2019-11-29;1.04;0.5;3.04;40.46;54.92;16.58;13.26;5.83;4.61
2019-11-30;0.83;0.46;1.55;37.62;34.29;28.75;11.79;4.83;2.81
2019-12-01;0.77;0.41;0.88;28.04;14.58;28.62;11.18;4;1.8
2019-12-02;0.77;0.36;1.37;37.71;21.04;27.37;9.84;4.58;2.86
2019-12-03;0.89;0.41;3.06;38.88;56.71;21.37;13.39;7.54;3.19
2019-12-04;1.27;0.56;8.6;43.5;88.12;13.04;25.35;17.21;4.92
2019-12-05;1.8;0.65;6.4;44.61;107.6;7.74;29.97;19.65;8.42
2019-12-06;1.55;0.59;6.67;31.67;72.88;8.83;23.31;9;5.65
2019-12-07;1.58;0.67;3.58;36.88;66.67;8.96;21.88;11.42;5.24
2019-12-08;0.82;0.38;1.12;33.25;17.58;20.79;13.09;6.71;2.24
2019-12-09;0.91;0.41;1.66;35.21;39.54;26.54;15.64;8.21;3.49
2019-12-10;1.87;0.71;5.96;46.88;142.54;7.5;25.91;19.88;11.61
2019-12-11;0.69;0.35;1.56;31.54;22;45.5;9.45;10.42;2.41
2019-12-12;0.44;0.32;0.67;32.58;15;48.7;5.94;4.12;1.38
2019-12-13;0.21;0.23;0.4;21.46;9.88;59.12;3.77;6.04;0.8
2019-12-14;1.5;0.63;5.14;58.08;86.58;16.7;17.12;11.54;7.31
2019-12-15;0.45;0.26;0.54;28.79;5.92;44.66;8.1;4.71;1.33
2019-12-16;0.5;0.26;0.56;39.96;13;39.79;6.07;4.5;1.33
2019-12-17;0.77;0.35;1.95;42.65;44.96;33.17;10.26;8.52;2.58
2019-12-18;0.58;0.27;1.27;28.71;16.79;33.41;8.58;4.67;2.18
2019-12-19;0.76;0.38;1.65;46.92;40.46;29.16;7.63;4.92;2.84
2019-12-20;1.04;0.44;2.54;56.29;65.79;27.66;14.04;8.29;4.01
2019-12-21;0.75;0.35;1.56;30.21;32.17;39.91;10.79;6.58;2.91
2019-12-22;0.26;0.23;0.4;18.42;5.54;66.75;5.72;6.46;0.68
2019-12-23;1.66;0.6;5.05;57.21;109.62;18.08;21.62;11.5;8.55
2019-12-24;1.89;0.64;4.99;41.92;119.62;9.96;22.27;10.67;8.06
2019-12-25;2.35;0.78;5.84;36.58;131.29;6.75;27.08;8.79;9.02
2019-12-26;1.21;0.41;3.53;46.62;90.38;24.62;17.81;9.25;6.19
2019-12-27;1.5;0.52;5.18;47.46;103.08;9.54;28.47;10.5;6.37
2019-12-28;2.64;0.75;8.28;53.46;177.5;7.83;39.69;16.62;11.52
2019-12-29;2.55;0.77;7.48;51.62;169.95;7.46;38.09;15.04;10.71
2019-12-30;2.72;0.89;10.64;65.38;291.5;7.12;44.03;16.92;13.1
2019-12-31;1.64;0.46;7.17;46;78;14;29;13;4.98
2020-01-01;1.36;0.42;2.5;32;53;23;27;10;3.68
2020-01-02;1.68;0.48;4.94;44;102;10;32;11;4.85
2020-01-03;2.09;0.65;9.57;48;140;8;36;17;8.37
2020-01-04;1.46;0.38;2.2;37;34;18;19;6;3.29
2020-01-05;1.37;0.43;3.04;36;69;16;20;8;4.52
2020-01-06;1.69;0.58;2.98;33;94;7;32;13;4.87
2020-01-07;1.89;0.66;7.3;51;155;7;31;15;8.17
2020-01-08;2.03;0.69;9.38;56;144;7;30;20;10.49
2020-01-09;0.96;0.37;4.63;41;56;21;14;13;4.37
2020-01-10;0.9;0.33;2.34;49;55;30;14;9;3
2020-01-11;1.63;0.54;5;44;86;11;26;15;5.08
2020-01-12;1.55;0.57;4.58;42;69;13;25;19;4.65
2020-01-13;2.16;0.76;8.01;57;167;9;34;36;9.34
2020-01-14;0.67;0.22;1.63;23;11;54;10;9;2.31
2020-01-15;0.58;0.33;1.91;34;31;40;13;2;1.96
2020-01-16;0.48;0.3;2.18;28;10;46;8;6;1.6
2020-01-17;0.7;0.3;0.98;35;21;42;10;7;1.66
2020-01-18;1.02;0.43;2.12;43;29;22;15;8;2.85
2020-01-19;0.31;0.18;0.26;13;3;67;6;4;0.48
2020-01-20;0.59;0.24;0.6;29;13;46;10;4;1.13
2020-01-21;0.82;0.36;1.43;43;37;23;14;5;2.34
2020-01-22;1.47;0.5;4.87;50;48;14;20;8;5.13
2020-01-23;1.25;0.47;2.91;38;59;15;20;3;4.13
2020-01-24;1.49;0.58;4.11;42;70;13;25;15;5.1
2020-01-25;1.25;0.53;3.05;37;40;16;21;9;3.67
2020-01-26;1.15;0.46;3.3;41;47;21;15;11;3.97
2020-01-27;0.9;0.4;2.29;45;40;28;12;9;3.35
2020-01-28;0.7;0.33;1.89;40;41;35;11;7;2.96
2020-01-29;1.73;0.68;5.42;44;109;13;23;17;7.31
2020-01-30;1.72;0.81;6.59;49;138;9;24;2;11.16
2020-01-31;1.71;0.77;7.59;43;121;9;23;16;10.92
2020-02-01;1.53;0.67;5.59;42;69;12;15;13;7.49
2020-02-02;1.91;0.78;6.93;41;92;7;24;9;10.14
2020-02-03;1.77;0.82;7.4;49;134;13;32;17;12.04
2020-02-04;0.6;0.31;1.91;33;20;32;10;2;3.36
2020-02-05;0.49;0.28;0.84;33;23;40;8;5;1.61
2020-02-06;1.48;0.62;6.55;48;92;11;24;9;6.08
2020-02-07;1.37;0.6;5.08;46;80;16;26;15;5.47
2020-02-08;0.91;0.43;1.97;36;26;30;16;7;2.81
2020-02-09;1.22;0.55;3.21;37;44;15;17;12;4.56
2020-02-10;1.15;0.53;3.55;40;71;17;16;7;6
2020-02-11;0.9;0.4;2;35;34;29;15;8;3.24
2020-02-12;0.94;0.43;1.71;39;38;25;16;20;2.45
2020-02-13;0.73;0.45;11.73;33;41;35;12;4;2.41
2020-02-14;0.99;0.57;3.36;44;65;22;14;2;3.74
2020-02-15;1.02;0.61;3.38;43;41;17;16;2;3.56
2020-02-16;1.58;0.65;6.03;53;82;18;22;2;9.34
2020-02-17;0.44;0.31;0.7;39;15;46;7;3;1.4
2020-02-18;0.69;0.39;7.01;43;34;29;11;7;3.81
2020-02-19;0.84;0.53;2.92;48;41;27;14;10;3.02
2020-02-20;0.87;0.48;2.42;39;40;33;17;5;2.65
2020-02-21;1.04;0.63;2.45;43;51;33;17;2;3.27
2020-02-22;0.93;0.53;1.65;35;28;34;22;4;2.87
2020-02-23;0.94;0.66;0.81;40;14;23;24;5;1.78
2020-02-24;0.85;0.58;11.01;33;28;31;20;2;1.99
2020-02-25;0.63;0.42;1.01;38;16;42;16;7;1.6
2020-02-26;0.5;0.36;0.69;38;14;51;8;13;1.15
2020-02-27;0.45;0.36;1.09;33;20;49;21;9;1.71
2020-02-28;1.12;0.55;2.92;52;80;21;28;2;5.64
2020-02-29;0.3;0.3;0.31;20;7;66;12;1;0.59
2020-03-01;0.39;0.35;0.58;28;7;58;9;4;1.08
2020-03-02;0.54;0.37;0.63;35;20;52;7;2;1.18
2020-03-03;0.42;0.37;0.53;28;8;50;10;5;1.09
2020-03-04;0.76;0.49;2.37;43;50;24;9;3;4.47
2020-03-05;0.47;0.37;1.07;33;22;47;7;2;2.18
2020-03-06;0.44;0.34;0.68;27;14;59;8;5;1.07
2020-03-07;0.63;0.45;0.95;37;20;46;10;3;1.57
2020-03-08;0.49;0.42;1.19;20;9;43;10;2;1.09
2020-03-09;0.58;0.37;1.11;3;6;46;11;2;1.71
2020-03-10;0.92;0.63;2.09;25;22;24;19;8;3.19
2020-03-11;0.86;0.61;1.82;36;33;32;16;5;2.96
2020-03-12;0.42;0.35;0.53;30;6;46;9;3;1.13
2020-03-13;0.3;0.3;0.45;27;6;50;7;6;0.89
2020-03-14;0.62;0.43;0.72;27;8;42;10;8;1.49
2020-03-15;0.48;0.37;0.75;17;7;48;11;1;0.93
2020-03-16;0.38;0.32;0.35;25;6;52;7;3;0.7
2020-03-17;0.44;0.34;0.61;28;12;34;10;7;1.47
2020-03-18;0.65;0.51;1.54;27;7;31;17;13;1.27
2020-03-19;0.93;0.77;1.32;35;11;19;21;2;1.94
2020-03-20;1.4;0.99;1.5;38;9;14;20;11;2.2
2020-03-21;0.76;0.63;0.69;20;6;32;23;7;1.04
2020-03-22;0.36;0.32;0.21;7;2;58;16;8;0.4
2020-03-23;0.29;0.29;0.22;9;2;56;13;9;0.35
2020-03-24;0.68;0.45;0.66;21;9;39;17;9;1.29
2020-03-25;0.83;0.51;0.93;23;16;41;17;11;1.85
2020-03-26;0.52;0.38;0.44;16;4;64;14;10;0.98
2020-03-27;0.46;0.38;0.2;21;5;63;17;11;0.56
2020-03-28;0.68;0.43;0.74;22;5;55;22;14;0.91
2020-03-29;0.63;0.35;0.28;11;2;67;22;14;0.72
2020-03-30;0.31;0.31;0.18;10;2;67;6;8;0.27
2020-03-31;0.5;0.4;0.17;16;3;47;10;14;0.52
2020-04-01;0.64;0.48;0.21;19;6;40;14;5;0.82
2020-04-02;0.36;0.31;0.19;12;2;71;12;3;0.41
2020-04-03;0.35;0.37;0.24;16;2;72;14;4;0.46
2020-04-04;0.51;0.41;0.6;23;7;50;13;12;1.21
2020-04-05;0.18;0.34;0.18;3;2;72;6;3;0.32
2020-04-06;0.18;0.26;0.18;6;2;59;5;3;0.29
2020-04-07;0.86;0.55;0.21;17;3;41;12;7;0.86
2020-04-08;0.93;0.7;0.15;20;6;32;15;14;0.93
2020-04-09;0.92;0.75;0.14;21;4;28;15;8;1.02
2020-04-10;0.24;0.45;0.09;9;3;39;7;2;0.59
2020-04-11;0.13;0.36;0.08;2;2;48;5;2;0.3
2020-04-12;0.17;0.37;0.07;2;2;48;8;3;0.22
2020-04-13;0.13;0.35;0.26;10;2;66;6;13;0.64
2020-04-14;0.43;0.44;1;8;3;37;13;2;1.23
2020-04-15;0.32;0.41;0.75;6;3;56;8;11;1.06
2020-04-16;0.3;0.36;0.71;20;9;54;5;2;1.49
2020-04-17;0.36;0.38;0.4;21;7;45;6;2;1.15
2020-04-18;0.23;0.37;0.74;13;3;48;6;3;0.66
2020-04-19;0.16;0.32;0.07;9;2;53;5;3;0.32
2020-04-20;0.13;0.36;0.25;12;3;53;6;3;0.61
2020-04-21;0.13;0.35;0.1;14;3;60;8;3;0.53
2020-04-22;0.27;0.37;0.53;15;4;57;9;3;0.74
2020-04-23;0.27;0.37;0.2;16;3;52;10;2;0.89
2020-04-24;0.44;0.53;0.29;11;3;41;20;3;1.1
2020-04-25;0.35;0.41;0.09;7;3;44;14;2;0.63
2020-04-26;0.16;0.37;0.07;8;2;50;10;2;0.4
2020-04-27;0.21;0.35;0.16;15;4;49;6;2;0.63
2020-04-28;0.14;0.32;0.46;14;4;58;5;2;0.59
2020-04-29;0.34;0.4;0.71;26;9;34;9;2;1.68
2020-04-30;0.19;0.34;0.24;9;3;51;6;2;0.99
2020-05-01;0.12;0.28;0.1;2;2;33;3;2;0.49
2020-05-02;0.24;0.36;0.25;3;2;31;7;2;0.6
2020-05-03;0.41;0.42;0.28;9;2;31;9;2;0.66
2020-05-04;0.58;0.47;2.98;12;16;39;12;2;4.13
2020-05-05;0.44;0.41;0.42;11;3;48;8;2;1.28
2020-05-06;0.21;0.34;0.93;9;3;48;7;2;0.85
2020-05-07;0.44;0.47;0.41;12;3;43;12;3;1.06
2020-05-08;0.45;0.51;0.53;7;2;38;14;2;1.19
2020-05-09;0.21;0.35;0.1;5;2;51;7;2;0.47
2020-05-10;0.09;0.34;0.1;5;2;58;4;3;0.33
2020-05-11;0.2;0.35;0.81;11;9;49;7;2;0.91
2020-05-12;0.09;0.33;0.09;10;2;55;5;2;0.36
2020-05-13;0.08;0.34;0.09;12;3;46;6;2;0.54
2020-05-14;0.09;0.34;0.12;9;2;54;5;2;0.34
2020-05-15;0.21;0.4;0.27;7;2;63;9;2;0.68
2020-05-16;0.35;0.33;0.45;6;2;63;9;2;1.19
2020-05-17;0.36;0.38;0.45;8;2;55;11;2;1.19
2020-05-18;0.5;0.49;0.63;6;3;46;14;4;1.7
2020-05-19;0.58;0.55;0.99;17;4;47;14;3;1.34
2020-05-20;0.44;0.45;2.32;17;4;51;14;2;2.44
2020-05-21;0.31;0.42;0.38;16;3;63;14;3;1.21
2020-05-22;0.19;0.34;0.25;16;4;51;8;3;0.91
2020-05-23;0.08;0.3;0.38;7;2;58;4;2;0.64
2020-05-24;0.07;0.28;0.07;5;2;56;5;2;0.22
2020-05-25;0.1;0.3;0.16;11;3;54;8;2;0.64
2020-05-26;0.14;0.33;0.41;14;5;43;8;2;0.81
2020-05-27;0.31;0.38;0.68;18;4;45;11;3;1.09
2020-05-28;0.64;0.57;1.44;33;10;43;17;7;2.38
2020-05-29;0.61;0.54;1.23;29;7;50;17;5;1.67
2020-05-30;0.58;0.51;0.86;25;4;46;16;4;1.37
2020-05-31;0.55;0.48;0.49;21;2;41;15;3;1.07
2020-06-01;0.89;0.52;3.94;21;4;44;15;3;3.22
2020-06-02;0.53;0.52;0.53;21;4;37;15;3;1.2
2020-06-03;0.2;0.41;0.24;16;3;61;15;2;0.75
2020-06-04;0.09;0.32;0.11;14;4;70;7;2;0.33
2020-06-05;0.12;0.29;0.29;12;5;51;6;3;0.49
2020-06-06;0.11;0.19;0.33;12;4;52;6;2;0.51
2020-06-07;0.1;0.2;0.34;14;5;52;5;2;0.5
2020-06-08;0.11;0.19;0.33;14;6;52;5;1;0.51
2020-06-09;0.09;0.09;0.38;16;5;53;5;1;0.52
2020-06-10;0.08;0.09;0.13;17;6;53;7;1;0.7
2020-06-11;0.12;0.09;0.58;19;8;40;4;1;0.74
2020-06-12;0.09;0.09;0.14;17;7;58;5;1;0.47
2020-06-13;0.1;0.08;0.13;15;4;65;5;1;0.38
2020-06-14;0.12;0.08;0.41;13;3;48;6;1;0.51
2020-06-15;0.1;0.09;0.25;15;7;44;5;1;0.68
2020-06-16;0.09;0.08;0.1;17;6;43;4;2;0.58
2020-06-17;0.1;0.08;0.23;19;5;45;5;3;0.85
2020-06-18;0.34;0.08;0.29;16;5;43;6;3;1.25
2020-06-19;0.58;0.11;0.34;21;7;41;9;3;1.65
2020-06-20;0.45;0.15;0.3;18;3;45;10;3;1.49
2020-06-21;0.22;0.08;0.24;12;3;36;7;2;0.72
2020-06-22;0.43;0.23;0.23;15;4;39;10;3;1.11
2020-06-23;0.69;0.29;1.09;29;8;35;20;3;3.14
2020-06-24;0.57;0.14;0.45;23;4;46;18;1;1.44
2020-06-25;0.38;0.11;0.36;22;4;47;12;1;1.17
2020-06-26;0.19;0.08;0.27;23;4;48;12;2;0.9
2020-06-27;0.22;0.08;0.45;15;5;27;6;2;0.84
2020-06-28;0.09;0.08;0.16;8;3;34;4;2;0.32
2020-06-29;0.15;0.11;0.18;17;4;39;5;2;0.56
2020-06-30;0.35;0.14;0.67;19;8;32;7;2;1.05
2020-07-01;0.12;0.1;0.14;14;4;33;5;2;0.56
2020-07-02;0.1;0.1;0.19;17;6;39;4;2;0.76
2020-07-03;0.13;0.13;0.39;15;5;45;6;2;0.61
2020-07-04;0.18;0.21;0.57;18;5;45;9;3;0.78
2020-07-05;0.31;0.29;0.39;15;3;42;11;3;0.73
2020-07-06;0.09;0.12;0.23;11;3;37;4;3;0.44
2020-07-07;0.08;0.09;0.08;8;3;53;6;3;0.4
2020-07-08;0.11;0.12;0.31;12;2;62;9;3;0.69
2020-07-09;0.21;0.18;0.31;19;3;57;10;3;0.84
2020-07-10;0.28;0.18;1.02;15;4;38;5;2;1.28
2020-07-11;0.07;0.09;0.07;8;2;57;5;1;0.22
2020-07-12;0.08;0.1;0.07;8;2;70;7;1;0.27
2020-07-13;0.13;0.13;0.16;16;3;71;7;2;0.6
2020-07-14;0.11;0.16;0.15;15;3;52;9;6;0.6
2020-07-15;0.11;0.15;0.15;13;4;41;6;4;0.5
2020-07-16;0.08;0.11;0.14;10;3;51;5;3;0.5
2020-07-17;0.08;0.12;0.08;10;3;50;6;5;0.52
2020-07-18;0.28;0.22;0.55;16;3;51;10;8;0.76
2020-07-19;0.37;0.22;0.33;15;2;51;15;3;0.79
2020-07-20;0.1;0.13;0.17;13;3;52;7;2;0.64
2020-07-21;0.11;0.12;0.3;12;3;53;6;2;0.56
2020-07-22;0.2;0.17;0.46;17;4;65;12;7;0.97
2020-07-23;0.15;0.15;0.5;17;3;73;14;2;0.77
2020-07-24;0.11;0.12;0.26;12;2;80;7;4;0.5
2020-07-25;0.22;0.15;0.23;15;3;47;9;5;0.73
2020-07-26;0.3;0.2;0.67;14;3;28;6;6;0.97
2020-07-27;0.27;0.19;0.87;14;6;36;8;6;1.21
2020-07-28;0.08;0.12;0.11;11;3;39;4;1;0.48
2020-07-29;0.12;0.12;0.44;13;4;37;5;2;0.91
2020-07-30;0.1;0.11;0.28;12;3;38;4.5;1;0.69
2020-07-31;0.18;0.12;0.67;25;6;38.5;6;4;1.01
2020-08-01;0.36;0.13;1.06;37;10;39;8;7;1.32
2020-08-02;0.32;0.2;0.26;38;5;29;9;5;2.25
2020-08-03;0.29;0.11;0.46;35;8;28;6;4;1.21
2020-08-04;0.11;0.1;0.15;25;6;46;3;4;0.32
2020-08-05;0.14;0.11;0.15;15;5;45;5;3;0.43
2020-08-06;0.14;0.11;0.22;13;4;44;4;5;0.51
2020-08-07;0.37;0.32;0.81;28;14;25;9;7;1.26
2020-08-08;0.17;0.1;0.28;16;4;49;10;8;1.02
2020-08-09;0.11;0.09;0.09;12;2;57;10;4;0.53
2020-08-10;0.08;0.11;0.12;16;3;60;7;10;0.55
2020-08-11;0.41;0.16;0.53;25;5;44;13;12;1.49
2020-08-12;0.34;0.15;0.44;19;7;34;5;9;1.22
2020-08-13;0.14;0.17;0.16;17;5;46;5;15;0.69
2020-08-14;0.24;0.21;0.23;20;5;47;8;24;0.79
2020-08-15;0.28;0.16;0.61;16;4;35;8;3;1.07
2020-08-16;0.09;0.11;0.14;10;3;41;5;5;0.23
2020-08-17;0.3;0.16;1.12;23;11;19;10;9;1.1
2020-08-18;0.27;0.18;0.76;37;14;21;8;4;0.91
2020-08-19;0.24;0.19;0.4;42;21;30;9;5;0.71
2020-08-20;0.21;0.13;0.13;31;3;43;6;6;0.35
2020-08-21;0.34;0.14;0.15;32;12;42;8;8;0.85
2020-08-22;0.19;0.1;0.14;27;3;45;6;7;0.33
2020-08-23;0.17;0.11;0.13;28;3;47;6;5;0.31
2020-08-24;0.26;0.14;0.16;32;4;46;8;4;0.61
2020-08-25;0.36;0.13;1.06;37;10;39;8;4;1.32
2020-08-26;0.32;0.2;0.26;38;5;29;9;3;2.25
2020-08-27;0.29;0.11;0.46;35;8;28;6;5;1.21
2020-08-28;0.11;0.1;0.15;25;6;46;3;7;0.32
2020-08-29;0.14;0.11;0.15;15;5;45;5;8;0.43
2020-08-30;0.14;0.11;0.22;13;4;44;4;4;0.51
2020-08-31;0.37;0.32;0.81;28;14;25;9;10;1.26
2020-09-01;0.22;0.15;0.85;18;13;41;6;9;1.21
2020-09-02;0.18;0.12;0.47;23;33;39;6;6;4.67
2020-09-03;0.5;0.63;2.84;39;51;25;13;10;3.07
2020-09-04;0.33;0.27;2.14;41;103;41;13;8;1.87
2020-09-05;0.08;0.1;0.1;8;20;58;5;6;0.18
2020-09-06;0.1;0.09;0.13;8;3;52;3;3;0.28
2020-09-07;0.15;0.11;0.29;16;11;35;5;5;0.72
2020-09-08;0.15;0.11;0.28;13;5;42;6;8;0.7
2020-09-09;0.17;0.14;0.29;18;33;44;10;7;1.01
2020-09-10;0.26;0.12;0.38;17;36;46;10;7;0.89
2020-09-11;0.17;0.14;0.26;20;9;43;11;4;0.64
2020-09-12;0.14;0.1;0.24;16;22;42;9;4;0.53
2020-09-13;0.41;0.28;0.83;25;22;31;14;9;1.49
2020-09-14;0.46;0.19;1.31;33;36;28;18;10;1.89
2020-09-15;0.34;0.02;0.77;20;19;37;17;6;1.22
2020-09-16;0.28;0.27;0.46;17;25;43;18;6;1.01
2020-09-17;0.35;0.41;1.43;20;25;23;16;5;2.03
2020-09-18;0.29;0.48;0.61;27;6;31;10;5;1.18
2020-09-19;0.29;0.56;0.73;19;7;24;9;5;1.39
2020-09-20;0.18;0.6;0.62;14;5;36;9;6;0.67
2020-09-21;0.17;0.66;1.12;22;8;24;7;4;1.45
2020-09-22;0.29;0.75;1.16;25;13;18;10;8;1.45
2020-09-23;0.22;0.78;0.98;14;11;38;8;7;1.1
2020-09-24;0.17;0.89;0.41;15;14;47;5;10;0.85
2020-09-25;0.17;0.96;0.2;14;9;45;5;12;0.6
2020-09-26;0.13;1;0.26;9;5;48;5;5;0.67
2020-09-27;0.11;1.05;0.14;7;2;53;4;7;0.34
2020-09-28;0.35;0.94;0.65;21;11;31;10;6;1.01
2020-09-29;0.51;0.9;2.75;26;20;23;11;7;2.58
2020-09-30;0.33;0.9;2.51;24;22;23;16;17;1.6
2020-10-01;0.33;0.63;2.51;19;12;38;7;13;1.6
2020-10-02;0.15;0.44;2.26;15;9;52;4;8;0.62
2020-10-03;0.16;0.51;1.08;11;6;51;4;7;0.66
2020-10-04;0.14;0.54;0.55;9;5;45;6;7;0.68
2020-10-05;0.35;0.67;1.35;28;22;29;8;9;1.6
2020-10-06;0.28;0.61;1.68;18;16;28;8;9;1.3
2020-10-07;0.14;0.37;0.7;12;4;39;7;6;0.85
2020-10-08;0.32;0.38;0.99;22;14;24;14;5;1.57
2020-10-09;0.29;0.38;0.83;24;8;32;14;8;1.12
2020-10-10;0.18;0.42;0.36;14;5;46;5;8;0.76
2020-10-11;0.24;0.51;0.22;10;4;49;5;7;0.59
2020-10-12;0.24;0.55;0.31;11;6;41;5;8;0.71
2020-10-13;0.15;0.53;0.14;16;8;50;4;3;0.41
2020-10-14;0.26;0.65;0.35;19;11;42;5;8;0.84
2020-10-15;0.44;0.9;1.04;28;23;31;8;8;1.32
2020-10-16;0.43;1.02;1.67;25;22;29;9;4;1.81
2020-10-17;0.61;1.13;1.83;25;22;22;13;8;1.69
2020-10-18;0.92;1.28;2.52;27;29;17;18;11;2.79
2020-10-19;0.53;1.16;1.64;24;36;44;14;6;3.17
2020-10-20;0.34;1.03;1.26;29;13;40;9;10;2
2020-10-21;0.56;0.7;1.48;32;32;24;10;14;2.57
2020-10-22;0.69;0.72;2.11;33;35;17;12;9;2.87
2020-10-23;0.57;0.67;2.52;32;28;23;10;9;2.09
2020-10-24;0.52;0.64;1.92;26;16;33;8;7;2.21
2020-10-25;0.2;0.59;0.4;14;4;56;4;7;0.74
2020-10-26;0.27;0.62;0.41;22;9;51;6;6;0.85
2020-10-27;0.6;0.71;1.88;36;37;23;11;12;3.2
2020-10-28;0.45;0.63;1.21;29;24;33;8;6;1.91
2020-10-29;0.6;0.67;2.14;31;27;22;11;7;3.03
2020-10-30;0.98;0.75;3.39;33;48;16;18;8;3.55
2020-10-31;1.39;0.83;6.05;38;57;10;22;9;5.43
2020-11-01;1.55;0.87;5.35;26;46;9;24;9;7.08
2020-11-02;0.74;0.7;1.25;16;10;36;11;13;2.1
2020-11-03;0.41;0.74;0.49;30;11;31;6;10;1.1
2020-11-04;0.33;0.66;1.04;20;7;41;6;9;1.04
2020-11-05;0.66;0.72;1.89;32;36;19;13;8;2.51
2020-11-06;0.63;0.7;2.37;26;27;28;21;10;3.16
2020-11-07;0.66;0.75;2.66;26;17;28;12;13;3.41
2020-11-08;0.24;0.65;0.97;14;3;53;4;8;1.82
2020-11-09;0.57;0.71;1.35;31;21;25;11;11;2.2
2020-11-10;0.59;0.7;5.14;26;18;20;11;8;4.25
2020-11-11;0.91;0.74;3.82;37;47;12;16;9;3.5
2020-11-12;1.03;0.78;3.21;35;37;16;18;7;4.25
2020-11-13;1.2;0.85;3.8;38;51;14;18;11;4.17
2020-11-14;0.73;0.72;2.14;27;19;24;14;9;3.42
2020-11-15;0.39;0.65;0.93;20;8;35;10;16;2.6
2020-11-16;0.48;0.66;1.21;29;22;27;11;10;1.95
2020-11-17;1.43;0.86;4.99;37;110;5;22;11;5.72
2020-11-18;1.4;0.86;7.39;42;107;6;22;14;8.27
2020-11-19;0.24;0.64;0.39;19;5;50;6;8;0.87
2020-11-20;0.43;0.63;3.45;30;25;31;7;6;6.86
2020-11-21;0.83;0.67;2.43;28;34;11;16;4;2.47
2020-11-22;1.23;0.77;3.33;26;45;9;24;4;3.86
2020-11-23;1.44;0.85;5.96;40;85;7;26;6;6.9
2020-11-24;1.33;0.74;15.98;43;99;8;27;7;7.01
2020-11-25;0.72;0.65;4.01;43;46;15;18;8;4.13
2020-11-26;1.52;0.72;5.25;38;59;8;20;9;6.09
2020-11-27;1.52;0.82;5.71;38;90;4;26;10;10.75
2020-11-28;1.35;0.79;3.82;38;54;8;23;7;4.85
2020-11-29;1.57;0.8;3.63;34;58;5;28;9;4.82
2020-11-30;1.11;0.65;2.56;33;62;8;25;7;3.86
2020-12-01;1.03;0.64;2.55;34;35;6;26;13;3.73
2020-12-02;0.74;0.59;1.45;37;29;21;13;19;2.06
2020-12-03;0.29;0.55;0.99;25;16;39;6;12;0.93
2020-12-04;0.32;0.54;0.32;28;15;43;5;5;0.86
2020-12-05;0.24;0.52;0.21;20;8;50;6;8;0.79
2020-12-06;0.34;0.54;0.53;26;9;39;7;7;1.17
2020-12-07;0.17;0.5;0.24;14;5;7;5;9;0.62
2020-12-08;0.24;0.49;0.25;19;5;13;6;4;0.52
2020-12-09;0.59;0.6;1.41;43;36;19;10;10;1.56
2020-12-10;0.6;0.59;1.32;43;33;25;9;11;2.27
2020-12-11;0.24;0.49;0.41;24;12;43;5;8;1.05
2020-12-12;0.34;0.47;0.61;22;12;43;8;7;0.9
2020-12-13;1.12;0.68;3.07;40;52;4;16;10;4.11
2020-12-14;0.54;0.56;0.91;39;28;22;10;8;1.67
2020-12-15;0.57;0.51;1.06;32;37;26;9;7;1.74
2020-12-16;0.73;0.58;1.66;45;58;24;12;8;2.15
2020-12-17;0.97;0.63;3.37;43;81;8;16;7;3.11
2020-12-18;0.8;0.57;2.63;31;71;22;14;9;3.12
2020-12-19;0.94;0.63;1.72;38;44;14;16;13;2.55
2020-12-20;1.05;0.6;1.64;39;36;7;18;10;3.02
2020-12-21;1.72;0.92;4.96;49;150;4;23;11;9.42
2020-12-22;0.95;0.63;2.8;27;99;19;15;11;4.84
2020-12-23;0.38;0.46;0.74;34;17;27;6;9;1.75
2020-12-24;0.51;0.47;0.5;34;17;22;8;5;1.34
2020-12-25;0.44;0.45;0.38;21;9;37;9;2;0.73
2020-12-26;0.65;0.54;0.85;36;31;14;15;4;1.61
2020-12-27;0.31;0.45;0.23;21;9;41;8;5;0.52
2020-12-28;0.28;0.42;0.22;21;10;52;6;3;0.66
2020-12-29;0.29;0.42;0.26;28;12;47;6;3;0.83
2020-12-30;0.39;0.47;0.58;34;17;41;7;10;1.24
2020-12-31;0.28;0.43;0.24;29;13;45;5;5;0.6
2021-01-01;0.24;0.36;0.16;18;4;51;5;4;0.45
2021-01-02;0.49;0.39;0.35;29;12;28;7;6;0.93
2021-01-03;0.4;0.4;0.14;23;6;39;5;5;0.55
2021-01-04;0.42;0.42;0.34;33;17;31;6;5;0.81
2021-01-05;0.66;0.48;1.18;38;25;14;12;8;1.24
2021-01-06;0.84;0.48;0.76;29;32;13;15;6;1.52
2021-01-07;0.93;0.49;1.35;41;57;13;18;6;1.95
2021-01-08;1.03;0.53;2.13;48;69;12;21;8;2.34
2021-01-09;0.9;0.65;2.08;38;20;12;18;8;2.07
2021-01-10;0.91;0.9;2.09;34;27;17;16;7;2.1
2021-01-11;0.9;0.89;2.08;47;77;11;22;9;2.07
2021-01-12;0.78;0.78;2.04;48;49;16;18;14;1.8
2021-01-13;1.06;1.99;3.74;49;77;16;21;15;3.6
2021-01-14;0.78;1.4;2.65;51;33;7;21;14;1.88
2021-01-15;1.03;0.81;3.13;44;57;12;18;12;3.18
2021-01-16;0.98;0.8;2.92;46;53;11;18;9;2.95
2021-01-17;1.08;0.92;3.29;46;39;7;22;17;3.52
2021-01-18;0.97;0.8;2.92;38;48;13;17;15;2.91
2021-01-19;0.81;0.8;2.22;39;78;25;16;8;2.82
2021-01-20;0.39;0.56;0.65;27;15;52;6;8;1.49
2021-01-21;0.47;0.62;0.76;27;33;50;7;10;1.86
2021-01-22;0.34;0.57;0.62;26;14;51;4;7;1.15
2021-01-23;0.27;0.53;0.25;16;5;57;6;6;0.52
2021-01-24;0.24;0.56;0.28;16;4;54;5;8;0.73
2021-01-25;0.47;0.58;0.75;34;10;29;8;9;1.31
2021-01-26;0.92;0.92;2.42;40;58;8;16;11;3.46
2021-01-27;0.98;0.88;3.23;34;65;9;13;8;4.86
2021-01-28;1;1.05;1.74;35;57;4;18;10;2.69
2021-01-29;1.02;1.09;1.73;41;68;5;11;11;2.7
2021-01-30;0.19;0.55;0.24;11;4;66;5;11;0.53
2021-01-31;0.12;0.51;0.15;10;4;67;7;5;0.34
2021-02-01;0.26;0.54;0.35;22;12;50;9;8;0.84
2021-02-02;0.66;0.84;1.1;34;33;15;13;13;2.32
2021-02-03;0.37;0.61;0.53;29;8;40;9;12;1.23
2021-02-04;0.71;0.72;1.16;39;38;16;18;15;2.58
2021-02-05;0.67;0.69;1.49;28;35;27;16;8;2.41
2021-02-06;0.38;0.58;0.26;22;5;50;5;5;0.62
2021-02-07;0.65;0.77;1.33;32;13;21;14;6;1.16
2021-02-08;0.6;0.74;0.93;36;23;28;10;10;1.52
2021-02-09;0.46;0.66;0.61;29;13;43;8;14;1.23
2021-02-10;0.43;0.61;0.4;25;7;45;11;9;0.93
2021-02-11;1.04;0.93;2.13;38;50;6;20;11;3.21
2021-02-12;0.62;0.75;0.88;35;17;29;11;10;1.74
2021-02-13;0.91;0.86;2.57;32;32;16;15;8;2.55
2021-02-14;0.45;0.66;1.14;21;13;27;10;7;1.66
2021-02-15;0.56;0.74;1.54;29;47;38;11;13;2.81
2021-02-16;0.57;0.67;1.18;32;24;38;12;11;1.95
2021-02-17;0.76;0.93;2.17;37;33;17;15;14;2.5
2021-02-18;0.52;0.65;0.77;31;15;31;10;10;1.47
2021-02-19;0.48;0.67;0.86;27;25;34;17;8;1.61
2021-02-20;0.1;0.44;0.1;6;2;68;11;5;0.2
2021-02-21;0.23;0.53;0.13;14;3;61;7;8;0.33
2021-02-22;0.38;0.61;1.06;30;15;36;9;4;1
2021-02-23;0.56;0.48;1.08;27;37;36;10;8;1.85
2021-02-24;0.66;0.3;1.6;26;12;54;13;11;2.94
2021-02-25;0.58;0.34;1.08;35;7;41;11;6;2.04
2021-02-26;0.54;0.29;1.19;23;4;41;10;5;1.78
2021-02-27;0.53;0.26;0.32;18;3;43;14;6;1.39
2021-02-28;0.68;0.3;0.9;21;6;35;16;3;2.02
2021-03-01;0.8;0.37;2.23;28;18;31;16;6;2.63
2021-03-02;0.83;0.36;3.39;29;16;26;17;7;3.34
2021-03-03;1.29;0.7;4.44;33;36;18;24;12;5.07
2021-03-04;1.37;0.62;4.38;34;35;20;30;10;5.81
2021-03-05;0.79;0.36;2.06;25;8;35;24;8;2.55
2021-03-06;0.3;0.24;0.14;16;2;52;12;6;1.07
2021-03-07;0.36;0.31;0.2;18;3;48;15;8;1.36
2021-03-08;0.67;0.35;0.67;32;9;39;17;6;2.37
2021-03-09;0.89;0.36;1.66;31;8;43;22;5;2.28
2021-03-10;1.7;0.59;6.8;46;71;12;28;12;7.03
2021-03-11;1.2;0.44;6.64;32;32;19;16;18;5.1
2021-03-12;0.74;0.34;1.9;30;19;32;9;5;2.75
2021-03-13;0.5;0.33;1.61;22;7;45;9;7;1.86
2021-03-14;0.43;0.33;0.24;13;3;59;10;9;0.86
2021-03-15;0.84;0.38;1.15;22;18;40;13;6;2.91
2021-03-16;0.71;0.35;1.6;26;17;35;12;4;3.06
2021-03-17;0.82;0.42;4.4;25;12;30;11;5;4.23
2021-03-18;0.57;0.35;3.29;22;11;42;11;5;4.09
2021-03-19;0.52;0.39;1.59;26;8;43;8;7;1.66
2021-03-20;0.43;0.3;0.33;20;4;48;9;3;1.55
2021-03-21;0.64;0.35;1.08;19;4;47;14;5;1.38
2021-03-22;0.63;0.35;3.77;25;11;37;13;7;2.47
2021-03-23;0.89;0.44;3.41;30;27;31;20;10;3.49
2021-03-24;0.56;0.38;0.96;29;6;40;18;10;2.32
2021-03-25;0.81;0.5;2.45;34;26;23;17;6;4.11
2021-03-26;0.47;0.36;0.97;25;11;43;11;2;2.03
2021-03-27;0.38;0.29;0.49;21;4;45;10;5;1.3
2021-03-28;0.94;0.81;1.63;33;8;25;19;17;2.47
2021-03-29;1.2;0.64;5.84;51;61;21;23;10;6.92
2021-03-30;1.27;0.88;4.74;59;37;14;33;23;6.31
2021-03-31;1.05;0.52;3.99;52;44;25;32;8;6.77
2021-04-01;0.99;0.45;3.96;40;14;29;35;7;5.79
2021-04-02;0.39;0.33;0.45;14;3;42;23;6;1.68
2021-04-03;0.2;0.25;0.23;11;2;57;14;3;0.64
2021-04-04;0.33;0.27;0.28;14;3;51;15;3;1.09
2021-04-05;0.41;0.33;0.52;21;7;47;15;4;1.69
2021-04-06;0.14;0.24;0.22;17;3;64;7;4;0.51
2021-04-07;0.19;0.25;0.24;18;4;65;10;3;0.74
2021-04-08;0.85;0.41;2.32;38;20;32;20;9;3.25
2021-04-09;0.72;0.44;3.13;36;23;31;18;7;4.34
2021-04-10;0.47;0.38;1.12;22;9;32;12;6;1.81
2021-04-11;0.15;0.27;0.22;14;3;61;6;5;0.49
2021-04-12;0.37;0.3;1.92;22;17;46;10;4;1.43
2021-04-13;0.48;0.34;1.39;26;11;36;13;5;2.08
2021-04-14;0.45;0.34;0.82;23;14;49;12;5;1.83
2021-04-15;0.29;0.29;0.69;25;14;56;11;5;1.45
2021-04-16;0.35;0.3;0.69;27;16;58;13;5;1.48
2021-04-17;0.39;0.29;0.78;21;5;53;16;6;1.09
2021-04-18;0.82;0.56;1.28;30;5;38;20;10;1.64
2021-04-19;0.78;0.5;1.62;34;16;43;21;5;4.45
2021-04-20;0.54;0.49;0.77;37;10;41;18;6;2.46
2021-04-21;0.28;0.37;0.41;23;4;42;11;5;1.55
2021-04-22;0.55;0.5;1.12;32;9;30;15;5;2.65
2021-04-23;0.73;0.44;3.41;42;31;25;13;5;4.18
2021-04-24;0.26;0.29;0.55;19;3;54;9;5;1.35
2021-04-25;0.28;0.41;0.37;16;3;44;11;6;1.12
2021-04-26;0.42;0.29;0.37;19;6;40;12;4;1.48
2021-04-27;0.19;0.26;0.23;18;4;55;11;3;1.25
2021-04-28;0.3;0.28;0.36;26;5;62;11;3;1.49
2021-04-29;0.21;0.28;0.42;30;5;48;9;5;1.32
2021-04-30;0.42;0.33;0.91;33;9;48;10;6;1.33
2021-05-01;0.36;0.35;1.37;26;4;42;11;6;1.98
2021-05-02;0.37;0.3;1.4;22;4;40;10;5;1.99
2021-05-03;0.36;0.39;1.37;28;10;41;13;5;1.98
2021-05-04;0.3;0.39;1.83;23;9;43;12;6;2.63
2021-05-05;0.29;0.43;1.64;20;8;39;11;7;1.91
2021-05-06;0.34;0.44;1.34;26;11;28;12;5;2.46
2021-05-07;0.32;0.44;0.85;27;14;34;10;4;2.78
2021-05-08;0.38;0.5;1.63;23;6;36;11;11;1.86
2021-05-09;0.43;0.46;0.73;19;5;39;10;10;2.13
2021-05-10;0.43;0.42;1.15;28;16;30;9;11;2.55
2021-05-11;0.44;0.37;1.49;20;7;52;8;5;2.56
2021-05-12;0.44;0.43;1.83;28;17;37;9;7;2.98
2021-05-13;0.39;0.4;1.29;23;12;35;8;6;1.93
2021-05-14;0.45;0.44;1.48;27;9;37;9;8;2.12
2021-05-15;0.29;0.52;0.7;21;4;27;11;8;1.63
2021-05-16;0.12;0.35;0.2;10;2;48;6;5;0.66
2021-05-17;0.24;0.36;0.37;16;8;46;8;8;1.26
2021-05-18;0.12;0.4;0.14;20;5;38;8;9;1.12
2021-05-19;0.21;0.42;0.7;19;7;41;7;8;1.55
2021-05-20;0.28;0.39;1.67;18;9;37;9;11;1.58
2021-05-21;0.12;0.34;0.3;15;4;51;6;7;0.71
2021-05-22;0.17;0.32;0.4;13;3;51;6;6;0.9
2021-05-23;0.15;0.38;0.52;15;3;47;8;8;0.78
2021-05-24;0.12;0.34;0.26;12;4;61;8;5;0.66
2021-05-25;0.09;0.36;0.2;15;4;52;10;8;1.04
2021-05-26;0.38;0.48;0.49;21;7;41;14;8;1.96
2021-05-27;0.51;0.65;0.98;25;5;37;14;14;3.76
2021-05-28;0.39;0.58;0.47;23;5;35;15;8;2
2021-05-29;0.2;0.41;0.24;16;2;44;11;9;0.93
2021-05-30;0.46;0.68;0.31;20;3;43;16;17;1.19
2021-05-31;0.92;0.84;1.08;33;8;33;18;16;2.9
2021-06-01;0.53;0.57;1.33;24;5;42;19;9;3.51
2021-06-02;0.16;0.44;0.67;24;4;51;14;7;1.72
2021-06-03;0.1;0.34;0.14;19;5;47;7;4;0.79
2021-06-04;0.16;0.33;0.4;16;5;43;8;5;1.25
2021-06-05;0.19;0.36;0.76;15;5;38;10;8;1.49
2021-06-06;0.1;0.35;0.13;10;2;52;8;10;0.26
2021-06-07;0.19;0.42;0.11;15;4;47;13;8;0.8
2021-06-08;0.14;0.42;0.2;23;6;37;15;5;0.73
2021-06-09;0.15;0.37;0.21;19;4;48;11;5;0.74
2021-06-10;0.14;0.31;0.2;16;4;44;10;7;0.73
2021-06-11;0.09;0.28;0.29;13;4;35;8;5;0.66
2021-06-12;0.11;0.33;0.18;9;2;46;11;3;0.49
2021-06-13;0.25;0.47;0.38;17;4;34;20;6;1.14
2021-06-14;0.34;0.52;0.64;19;4;42;17;7;1.77
2021-06-15;0.34;0.56;0.64;22;4;50;15;7;1.77
2021-06-16;0.43;0.68;0.9;27;9;46;15;6;2.4
2021-06-17;0.12;0.48;0.45;16;4;52;8;4;1.69
2021-06-18;0.22;0.48;0.32;20;7;41;7;5;1.23
2021-06-19;0.09;0.48;0.11;12;3;47;7;5;0.48
2021-06-20;0.19;0.48;0.15;12;2;44;9;4;0.7
2021-06-21;0.33;0.57;0.65;17;10;37;8;3;1.6
2021-06-22;0.1;0.47;0.12;15;6;59;6;5;0.55
2021-06-23;0.35;0.48;1.44;19;6;48;11;6;1.7
2021-06-24;0.33;0.46;0.25;15;6;50;11;5;1.33
2021-06-25;0.11;0.47;0.31;16;5;50;12;6;1.86
2021-06-26;0.1;0.48;0.2;13;2;54;12;6;0.84
2021-06-27;0.11;0.44;0.18;7;2;60;5;3;0.38
2021-06-28;0.18;0.46;0.47;14;6;60;8;4;1.01
2021-06-29;0.14;0.46;0.29;15;6;47;11;4;1.12
2021-06-30;0.11;0.46;0.23;14;3;43;12;4;1.15
2021-07-01;0.49;0.68;0.68;26;10;27;14;9;2.3
2021-07-02;0.89;0.78;2.14;30;16;13;18;6;3.66
2021-07-03;0.34;0.6;0.67;18;5;33;10;8;1.61
2021-07-04;0.28;0.57;0.29;16;4;36;11;8;0.94
2021-07-05;0.28;0.54;0.39;18;7;35;10;6;1.57
2021-07-06;0.08;0.49;0.14;10;3;49;8;6;0.68
2021-07-07;0.16;0.56;0.24;14;6;35;8;6;1.13
2021-07-08;0.15;0.51;0.5;13;7;36;8;7;0.99
2021-07-09;0.26;0.58;0.35;19;5;39;10;8;1.24
2021-07-10;0.45;0.63;0.51;18;5;34;13;11;1.66
2021-07-11;0.24;0.59;0.23;12;3;35;13;7;0.95
2021-07-12;0.08;0.48;0.14;10;6;38;7;6;0.57
2021-07-13;0.1;0.48;0.14;10;5;38;9;5;0.45
2021-07-14;0.08;0.5;0.24;13;4;39;8;6;0.86
2021-07-15;0.09;0.47;0.19;10;3;44;8;5;0.58
2021-07-16;0.08;0.47;0.16;12;3;52;10;6;0.83
2021-07-17;0.2;0.65;0.24;13;3;53;14;6;0.72
2021-07-18;0.26;0.78;0.85;17;3;47;17;7;0.72
2021-07-19;0.46;0.88;1.09;22;8;48;19;11;1.79
2021-07-20;0.3;0.66;1;17;3;57;21;10;1.66
2021-07-21;0.25;0.69;0.74;20;3;63;21;5;1.59
2021-07-22;0.21;0.71;0.66;18;4;57;16;7;1.6
2021-07-23;0.18;0.54;0.31;17;4;47;8;5;1.18
2021-07-24;0.09;0.51;0.55;14;4;33;8;5;1.5
2021-07-25;0.13;0.48;0.2;11;2;42;8;5;0.82
2021-07-26;0.21;0.59;0.31;18;4;53;12;7;1.18
2021-07-27;0.32;0.5;0.36;14;4;54;11;6;0.86
2021-07-28;0.11;0.52;0.3;16;4;51;8;7;1.26
2021-07-29;0.17;0.53;0.38;15;4;49;10;5;1.2
2021-07-30;0.19;0.51;0.62;15;5;35;8;5;1.31
2021-07-31;0.13;0.46;0.26;11;4;44;7;5;0.59
2021-08-01;0.15;0.49;0.22;12;3;43;10;5;0.66
2021-08-02;0.15;0.51;0.32;18;5;43;11;5;1.15
2021-08-03;0.25;0.54;0.64;18;6;39;12;4;1.91
2021-08-04;0.3;0.53;0.6;14;6;32;7;4;1.69
2021-08-05;0.21;0.53;0.78;12;7;35;8;5;1.39
2021-08-06;0.15;0.53;0.25;15;4;47;8;5;0.93
2021-08-07;0.16;0.51;0.3;10;3;44;7;6;0.82
2021-08-08;0.08;0.49;0.17;9;3;46;8;6;0.48
2021-08-09;0.31;0.75;0.52;23;7;32;12;5;1.77
2021-08-10;0.41;0.69;1.28;20;10;34;15;3;2.45
2021-08-11;0.18;0.58;0.78;14;3;39;12;3;1.93
2021-08-12;0.18;0.61;0.27;15;4;38;12;4;1.18
2021-08-13;0.15;0.56;0.74;12;3;45;10;4;1.35
2021-08-14;0.14;0.58;0.17;11;3;39;11;4;0.77
2021-08-15;0.09;0.48;0.24;6;2;55;7;5;0.36
2021-08-16;0.09;0.48;0.15;7;2;60;7;5;0.29
2021-08-17;0.1;0.46;0.21;9;2;69;6;4;0.55
2021-08-18;0.09;0.46;0.19;11;2;65;8;5;0.62
2021-08-19;0.1;0.47;0.24;11;3;60;6;3;0.74
2021-08-20;0.17;0.51;0.23;13;3;58;12;3;1
2021-08-21;0.3;0.58;0.57;16;5;40;14;5;1.54
2021-08-22;0.09;0.47;0.15;7;2;48;8;3;0.47
2021-08-23;0.19;0.49;0.51;12;4;43;6;3;1.23
2021-08-24;0.16;0.38;0.44;15;5;54;9;6;1.13
2021-08-25;0.21;0.33;0.83;21;6;50;11;5;1.46
2021-08-26;0.47;0.42;3.32;27;5;44;16;4;2.55
2021-08-27;0.28;0.37;0.89;20;3;63;15;4;1.92
2021-08-28;0.09;0.31;0.27;11;2;71;8;3;0.56
2021-08-29;0.1;0.3;0.18;12;2;63;9;4;0.62
2021-08-30;0.16;0.32;0.25;18;5;58;9;4;0.99
2021-08-31;0.42;0.34;0.48;23;7;55;12;4;1.24
2021-09-01;0.43;0.49;0.74;29;7;42;15;4;2.62
2021-09-02;0.67;0.53;1.02;34;6;37;16;4;2.49
2021-09-03;0.41;0.37;0.65;25;8;51;14;4;1.92
2021-09-04;0.48;0.58;0.74;28;4;55;17;6;1.47
2021-09-05;0.71;0.76;1.32;43;14;26;20;8;2.55
2021-09-06;0.87;0.53;4.76;59;35;17;20;6;5.58
2021-09-07;0.57;0.46;3.74;42;16;33;17;4;3.7
2021-09-08;0.2;0.43;0.49;23;7;33;10;4;1.33
2021-09-09;0.28;0.41;0.56;25;13;32;12;4;1.71
2021-09-10;0.45;0.4;0.74;26;8;32;10;4;1.97
2021-09-11;0.67;0.57;1.35;32;11;24;16;9;2.26
2021-09-12;0.72;0.71;1.23;32;11;26;19;9;2.35
2021-09-13;0.77;0.5;3.13;41;34;16;18;5;4.91
2021-09-14;0.65;0.52;0.78;27;11;28;12;4;2.87
2021-09-15;0.39;0.47;0.71;28;9;35;11;5;2.13
2021-09-16;0.38;0.44;0.79;25;7;39;12;5;2.08
2021-09-17;0.46;0.43;1.91;26;14;21;10;6;2.38
2021-09-18;0.27;0.38;0.82;19;7;31;7;6;1.31
2021-09-19;0.19;0.36;0.5;14;4;44;9;7;1.06
2021-09-20;0.35;0.38;0.48;23;8;37;7;6;1.21
2021-09-21;0.4;0.41;1.09;21;9;23;8;5;1.64
2021-09-22;0.47;0.42;1.54;28;13;28;12;4;2.3
2021-09-23;0.4;0.42;1.53;19;14;36;13;4;2.05
2021-09-24;0.65;0.49;1.62;30;9;35;19;6;3.08
2021-09-25;0.66;0.43;1.7;25;9;31;11;5;2.41
2021-09-26;0.46;0.44;1.46;23;10;28;12;7;2.34
2021-09-27;0.43;0.39;0.5;24;6;34;9;4;1.82
2021-09-28;0.56;0.42;1.39;27;17;23;11;5;2.29
2021-09-29;0.26;0.37;1.47;22;12;31;9;6;1.83
2021-09-30;0.83;0.52;2.27;28;20;24;11;8;3.42
2021-10-01;0.56;0.46;1.9;21;18;25;14;8;2.68
2021-10-02;0.58;0.41;2.27;23;18;17;11;5;3.01
2021-10-03;0.25;0.34;0.65;15;5;49;8;7;1.04
2021-10-04;0.51;0.4;1.36;27;17;28;12;6;1.9
2021-10-05;0.13;0.33;0.3;16;5;49;8;4;0.89
2021-10-06;0.49;0.4;1.7;28;13;29;12;8;2.64
2021-10-07;1.05;0.6;4.05;33;33;15;17;9;4.77
2021-10-08;0.92;0.54;3.2;29;27;22;17;5;4.93
2021-10-09;0.94;0.43;1.94;24;10;27;15;4;3.08
2021-10-10;0.78;0.4;1.25;20;9;32;14;3;2.32
2021-10-11;0.73;0.42;1.34;28;19;29;17;4;2.87
2021-10-12;0.79;0.42;1.56;22;11;29;18;5;3.13
2021-10-13;0.57;0.41;4.76;29;12;25;16;5;2.49
2021-10-14;1.34;0.63;6.65;40;40;9;26;7;5.79
2021-10-15;0.8;0.45;2.49;31;30;35;18;6;3.49
2021-10-16;1.07;0.52;1.69;35;19;10;25;6;3.35
2021-10-17;0.71;0.45;1.86;23;15;18;13;6;3.21
2021-10-18;1.06;0.57;4.61;33;55;7;18;6;6.45
2021-10-19;1.51;0.66;7.01;34;78;12;21;5;9.38
2021-10-20;0.65;0.45;2.32;24;19;33;12;4;6.99
2021-10-21;0.34;0.38;0.73;27;9;44;9;6;1.57
2021-10-22;0.51;0.4;0.43;29;10;25;9;6;1.88
2021-10-23;1.28;0.51;2;28;26;15;15;5;3.05
2021-10-24;0.6;0.45;1;24;11;22;14;6;2.05
2021-10-25;0.67;0.47;1.24;25;18;21;10;6;2.31
2021-10-26;1.33;0.62;4.29;32;48;13;17;5;6.05
2021-10-27;1.08;0.59;3.9;39;44;14;16;7;4.69
2021-10-28;1.28;0.59;4.99;41;52;17;20;5;5.52
2021-10-29;0.67;0.45;1.52;32;13;26;12;4;2.8
2021-10-30;0.79;0.54;1.75;25;20;23;12;6;2.64
2021-10-31;0.66;0.5;1.41;22;11;27;10;6;2.78
2021-11-01;0.15;0.4;0.29;13;4;55;4;6;0.97
2021-11-02;0.5;0.56;1;27;17;41;7;6;1.91
2021-11-03;0.51;0.46;0.87;26;13;41;8;7;1.7
2021-11-04;0.54;0.45;1.26;30;13;34;8;9;2.03
2021-11-05;0.75;0.52;1.85;38;21;22;12;8;2.4
2021-11-06;0.88;0.53;1.73;31;26;17;14;11;2.76
2021-11-07;0.77;0.54;1;28;16;18;14;10;1.87
2021-11-08;0.68;0.51;1.01;26;15;22;15;11;2.33
2021-11-09;0.28;0.4;0.3;20;5;36;6;5;1.38
2021-11-10;0.77;0.47;3.01;29;33;23;13;6;5.53
2021-11-11;1.29;0.55;3.36;32;51;12;22;10;4.42
2021-11-12;1.26;0.64;2.91;35;37;11;21;14;4.18
2021-11-13;1.04;0.59;1.99;29;25;21;17;9;3.21
2021-11-14;0.72;0.5;0.59;27;7;27;15;7;1.42
2021-11-15;0.91;0.53;0.76;34;15;21;14;6;2.39
2021-11-16;1.01;0.54;2.27;34;34;7;16;5;3.85
2021-11-17;1.11;0.56;2.45;33;33;13;17;5;4
2021-11-18;0.93;0.47;2.69;33;44;15;24;6;4.02
2021-11-19;1.56;0.67;4.08;34;69;8;32;15;5.32
2021-11-20;2.28;0.94;5.6;35;84;7;32;17;7.28
2021-11-21;1.07;0.57;1.09;25;20;22;17;12;2.6
2021-11-22;0.66;0.46;0.52;34;18;23;7;6;1.82
2021-11-23;0.7;0.45;0.8;29;9;23;11;7;2.03
2021-11-24;0.4;0.43;0.14;17;6;38;8;6;1.03
2021-11-25;0.72;0.51;0.88;38;16;25;10;7;2.02
2021-11-26;0.55;0.55;0.69;35;17;32;8;9;1.62
2021-11-27;0.28;0.4;0.27;24;9;52;6;5;0.65
2021-11-28;0.39;0.47;0.44;24;7;46;10;7;0.94
2021-11-29;0.9;0.62;2;40;47;32;13;13;2.86
2021-11-30;1.34;0.7;3.93;49;66;8;21;12;4.77
2021-12-01;0.63;0.52;1.21;38;21;31;9;8;2.26
2021-12-02;0.57;0.5;0.63;38;20;34;9;6;1.44
2021-12-03;1.1;0.64;3.14;47;51;19;13;10;4.15
2021-12-04;0.39;0.48;0.65;28;10;42;9;6;1.49
2021-12-05;0.37;0.45;0.62;19;5;56;7;5;0.98
2021-12-06;0.78;0.57;1.2;39;16;27;11;9;2.32
2021-12-07;0.93;0.66;1.92;40;42;26;10;9;3.54
2021-12-08;0.3;0.4;0.19;19;5;59;5;4;0.59
2021-12-09;0.42;0.5;0.9;34;15;42;10;9;1.53
2021-12-10;0.22;0.43;0.4;24;9;55;9;6;0.83
2021-12-11;0.65;0.55;1.64;32;20;33;11;6;2.06
2021-12-12;1.71;0.73;3.61;33;73;7;19;9;4.53
2021-12-13;2.63;1.01;9.32;52;182;4;35;20;8.37
2021-12-14;1.68;0.78;5.44;44;116;6;28;15;6.68
2021-12-15;1.93;0.86;6.49;41;111;4;30;10;7.37
2021-12-16;1.93;0.75;6.4;38;80;5;29;10;8.05
2021-12-17;2.26;0.85;7.05;41;69;4;33;12;8.04
2021-12-18;2.25;1.07;7.04;44;100;4;33;14;8.05
2021-12-19;2.26;0.96;7.05;43;98;5;36;13;8.72
2021-12-20;2.59;0.99;7.59;60;169;5;40;12;8.72
2021-12-21;2.55;0.95;9.07;55;136;7;29;10;10.67
2021-12-22;1.27;0.62;4.64;38;53;32;15;3;5.81
2021-12-23;1.74;0.7;4.43;45;48;27;19;4;5.85
2021-12-24;2.21;0.83;4.22;43;68;8;25;5;5.89
2021-12-25;2.31;0.89;4.62;37;58;5;29;4;6.35
2021-12-26;2.41;0.95;5.1;40;74;3;29;5;6.39
2021-12-27;0.79;0.57;2.08;35;23;42;12;6;2.72
2021-12-28;1.04;0.6;2.69;47;32;26;13;6;4.19
2021-12-29;1.57;0.77;5.29;49;67;9;20;7;6.16
2021-12-30;2.33;0.87;6.8;46;117;4;29;18;8.6
2021-12-31;1.85;0.81;5.11;51;81;8;25;21;6.75
2022-01-01;1.26;0.64;0.84;27;8;32;39;14;2.16
2022-01-02;2.09;0.78;3.84;47;39;15;47;10;4.89
2022-01-03;2.74;0.99;4.99;55;88;11;69;14;7.35
2022-01-04;0.51;0.51;1.12;32;10;42;8;6;2.31
2022-01-05;1.31;0.59;3.79;48;28;18;15;6;5.13
2022-01-06;1.16;0.59;2.29;31;18;22;18;10;3.12
2022-01-07;0.8;0.59;1.45;40;21;33;10;9;2.25
2022-01-08;0.4;0.52;0.72;25;9;37;9;12;2.22
2022-01-09;0.16;0.46;0.26;13;4;54;6;10;0.58
2022-01-10;0.72;0.56;1.54;35;33;24;12;6;2.77
2022-01-11;0.31;0.45;0.74;27;5;43;7;6;1.77
2022-01-12;0.51;0.5;1.34;35;14;31;8;6;2
2022-01-13;1.22;0.64;3.54;38;50;8;22;9;3.82
2022-01-14;1.77;0.9;4.86;52;74;11;28;15;4.99
2022-01-15;1.76;0.76;3.74;49;55;14;27;11;4.6
2022-01-16;2.09;0.8;4.81;50;77;8;32;11;5.63
2022-01-17;2.55;0.89;6.61;59;128;6;42;12;7.87
2022-01-18;1.78;0.75;4.94;50;90;8;34;11;6.43
2022-01-19;1.67;0.74;5.74;45;80;9;30;10;6.52
2022-01-20;1.37;0.69;3.09;44;36;10;27;15;4.75
2022-01-21;0.83;0.57;2.3;39;19;25;10;13;4.77
2022-01-22;1.33;0.59;3.85;39;29;24;18;10;5.69
2022-01-23;1.32;0.83;3.84;39;55;11;30;15;5.68
2022-01-24;1.33;1.03;3.85;53;91;8;37;18;5.69
2022-01-25;1.83;0.85;5.39;49;88;12;36;16;6.61
2022-01-26;1.67;0.8;4.27;45;73;13;33;15;5.48
2022-01-27;1.22;0.66;2.9;40;22;20;30;12;3.63
2022-01-28;1.15;0.66;2.18;39;32;18;25;10;3.37
2022-01-29;1.32;0.76;2.68;36;32;14;28;15;3.64
2022-01-30;1.45;0.78;1.36;32;19;17;35;15;2.72
2022-01-31;0.93;0.64;0.91;33;13;25;25;11;2.16
2022-02-01;0.88;0.63;1.52;40;24;30;13;9;2.81
2022-02-02;2.06;1.07;6.45;50;96;6;33;15;8.33
2022-02-03;2.08;0.97;6.82;52;86;13;31;18;8.4
2022-02-04;1.36;0.75;3.83;47;33;19;23;12;4.56
2022-02-05;0.65;0.63;1.21;33;19;42;9;6;1.74
2022-02-06;1.04;0.69;1.5;34;19;23;16;14;2.39
2022-02-07;1.01;0.68;1.7;39;24;24;15;18;2.87
2022-02-08;1.38;0.82;4.11;43;45;11;22;14;5.19
2022-02-09;1.89;0.94;7.88;55;83;13;31;14;6.66
2022-02-10;1.73;1;6.25;59;51;10;37;17;6.21
2022-02-11;0.73;0.67;1.54;35;7;34;15;5;3
2022-02-12;1.07;0.72;1.66;32;16;18;24;3;2.92
2022-02-13;0.77;0.69;1.37;25;19;27;16;6;2.35
2022-02-14;0.48;0.61;0.39;34;12;42;8;5;1.35
2022-02-15;0.94;0.71;2.44;46;30;24;12;9;3.15
2022-02-16;1.06;0.69;3.33;38;32;25;13;5;4.39
2022-02-17;1.07;0.75;4.39;40;46;16;15;5;4.44
2022-02-18;0.76;0.69;1.5;34;24;25;12;6;2.58
2022-02-19;0.7;0.6;1.09;28;8;33;11;5;1.6
2022-02-20;0.64;0.64;0.85;28;8;28;10;5;1.83
2022-02-21;0.57;0.6;0.91;29;11;32;13;7;1.81
2022-02-22;0.92;0.72;2.43;42;30;17;17;4;3.1
2022-02-23;1.1;0.74;2.89;39;29;14;23;9;4.77
2022-02-24;0.29;0.57;0.46;21;6;40;11;5;0.94
2022-02-25;0.28;0.53;0.12;17;3;39;9;4;0.66
2022-02-26;0.98;0.72;2.7;39;24;14;18;5;2.67
2022-02-27;1.36;0.89;3.06;39;20;17;23;7;2.93
2022-02-28;1.33;0.9;3.33;49;30;10;25;7;3.57
2022-03-01;1.41;0.85;3.42;49;33;25;27;7;4.4
2022-03-02;0.59;0.66;1.26;33;11;26;13;7;2.26
2022-03-03;0.54;0.66;0.81;35;11;30;8;7;1.9
2022-03-04;0.68;0.62;0.91;34;11;52;8;6;1.78
2022-03-05;0.51;0.6;0.57;24;10;40;10;9;1.54
2022-03-06;0.55;0.63;0.86;26;7;45;12;6;0.84
2022-03-07;1;0.71;1.22;35;15;22;18;14;2.59
2022-03-08;0.94;0.7;2.42;41;19;30;14;5;3.55
2022-03-09;0.77;0.68;1.63;32;24;30;14;6;2.52
2022-03-10;0.88;0.8;2.02;36;19;29;12;6;3.38
2022-03-11;0.49;0.67;1.52;29;20;50;9;10;1.8
2022-03-12;0.66;0.62;1.04;30;12;35;11;4;2.02
2022-03-13;0.61;0.68;0.97;25;6;50;10;3;1.39
2022-03-14;0.69;0.67;0.75;29;11;33;12;5;1.93
2022-03-15;0.93;0.74;3.23;35;21;19;25;6;3.37
2022-03-16;0.64;0.68;1;30;8;36;13;4;2.12
2022-03-17;0.53;0.62;0.81;29;10;44;10;4;1.33
2022-03-18;0.92;0.69;2.04;32;27;20;18;5;3.95
2022-03-19;1.35;0.78;2.38;34;26;20;21;4;3.97
2022-03-20;0.96;0.72;2.29;31;20;29;18;2;3.44
2022-03-21;0.75;0.67;1.96;33;18;38;11;2;3.16
2022-03-22;0.93;0.69;2.35;38;16;31;16;4;4.12
2022-03-23;0.56;0.62;1.4;24;7;54;11;5;2.07
2022-03-24;0.84;0.69;1.68;29;15;40;18;3;3.16
2022-03-25;0.96;0.74;1.25;31;9;42;21;4;2.62
2022-03-26;1.42;0.95;1.83;37;10;25;27;10;3.46
2022-03-27;1.22;0.85;2.39;33;12;26;25;5;3.01
2022-03-28;1.04;0.77;2.43;33;25;30;29;5;3.91
2022-03-29;0.44;0.64;0.72;20;3;52;21;5;1.65
2022-03-30;0.31;0.65;0.35;27;7;51;15;5;1.14
2022-03-31;0.18;0.65;0.42;27;7;48;15;7;0.94
2022-04-01;0.33;0.64;0.31;26;9;49;8;6;0.98
2022-04-02;0.42;0.63;0.52;21;5;53;10;7;0.95
2022-04-03;0.46;0.61;0.42;20;4;48;8;4;0.86
2022-04-04;0.55;0.63;0.75;30;16;36;16;9;1.9
2022-04-05;0.59;0.46;0.59;32;14;41;20;14;1.91
2022-04-06;0.66;0.43;1.99;37;19;29;19;10;2.81
2022-04-07;0.47;0.41;1.25;30;14;36;12;15;2.22
2022-04-08;0.42;0.35;1.16;33;17;43;13;11;2.22
2022-04-09;0.32;0.32;0.46;25;5;43;10;12;1.32
2022-04-10;0.52;0.35;1.33;27;11;32;12;10;2.37
2022-04-11;0.39;0.41;0.81;27;8;44;17;12;1.6
2022-04-12;0.44;0.36;1.08;28;10;36;10;13;2.5
2022-04-13;0.16;0.31;0.42;24;9;35;9;14;1.2
2022-04-14;0.34;0.44;0.57;21;4;38;14;13;1.33
2022-04-15;0.25;0.39;0.17;12;3;50;17;11;0.45
2022-04-16;0.64;0.67;0.11;22;4;38;26;16;0.97
2022-04-17;0.42;0.49;0.13;15;3;47;21;13;0.66
2022-04-18;0.26;0.33;0.15;22;6;46;14;13;1.07
2022-04-19;0.36;0.3;0.15;23;7;55;8;16;0.73
2022-04-20;0.21;0.28;0.16;21;7;59;9;15;0.77
2022-04-21;0.2;0.31;0.44;22;8;48;10;5;1.26
2022-04-22;0.51;0.39;0.9;30;15;35;13;10;2.26
2022-04-23;0.13;0.31;0.15;17;5;60;7;2;0.74
2022-04-24;0.21;0.32;0.3;19;5;52;11;4;1.19
2022-04-25;0.58;0.45;1.44;29;18;37;16;8;2.47
2022-04-26;0.73;0.47;1.37;38;17;27;18;9;2.9
2022-04-27;0.48;0.38;1.01;26;16;34;12;10;2.21
2022-04-28;0.42;0.39;0.74;24;8;41;11;10;1.51
2022-04-29;0.7;0.59;1.55;27;12;36;19;9;2.79
2022-04-30;0.57;0.55;0.35;22;5;44;24;11;1.37
2022-05-01;0.32;0.42;0.15;14;3;61;20;6;0.56
2022-05-02;0.27;0.35;0.31;20;3;59;15;5;0.86
2022-05-03;0.36;0.34;0.51;26;6;47;18;6;1.58
2022-05-04;0.39;0.4;0.93;28;12;45;22;10;2.24
2022-05-05;0.29;0.32;0.97;26;10;44;17;10;2.22
2022-05-06;0.22;0.27;0.53;22;8;39;12;8;2.02
2022-05-07;0.28;0.37;0.55;20;5;37;15;7;2.02
2022-05-08;0.4;0.5;0.24;19;3;38;16;8;1.23
2022-05-09;0.63;0.5;1.65;36;20;28;16;10;3.36
2022-05-10;0.37;0.39;0.94;26;7;40;21;8;2.56
2022-05-11;0.3;0.41;0.46;21;5;37;16;7;1.53
2022-05-12;0.11;0.28;0.56;18;5;43;8;7;1.19
2022-05-13;0.12;0.29;0.14;17;5;37;9;6;1.14
2022-05-14;0.27;0.38;0.26;16;4;33;14;6;0.91
2022-05-15;0.24;0.37;0.41;21;4;45;14;7;1.34
2022-05-16;0.6;0.46;0.7;29;13;27;16;7;2.34
2022-05-17;0.36;0.36;0.97;24;16;34;14;9;2.14
2022-05-18;0.17;0.29;0.19;18;7;44;8;8;1.17
2022-05-19;0.37;0.47;0.22;22;8;44;15;9;1.32
2022-05-20;0.17;0.34;0.14;16;4;47;14;8;0.92
2022-05-21;0.25;0.41;0.31;15;4;38;17;6;1.04
2022-05-22;0.14;0.31;0.3;14;4;37;12;5;1.35
2022-05-23;0.16;0.27;0.18;22;9;39;6;6;1.04
2022-05-24;0.3;0.26;0.76;20;9;42;8;7;1.75
2022-05-25;0.24;0.29;0.42;18;6;48;9;6;1.22
2022-05-26;0.25;0.28;0.66;19;10;33;10;10;2.1
2022-05-27;0.08;0.24;0.12;10;3;46;7;6;0.39
2022-05-28;0.08;0.24;0.12;9;3;50;10;6;0.27
2022-05-29;0.09;0.26;0.14;10;3;60;13;11;0.58
2022-05-30;0.15;0.28;0.34;20;5;50;12;8;1.27
2022-05-31;0.19;0.3;0.41;15;13;40;13;9;1.6
2022-06-01;0.23;0.32;0.47;12;20;29;13;8;1.92
2022-06-02;0.17;0.32;0.53;15;23;27;12;10;1.61
2022-06-03;0.12;0.37;0.16;10;21;30;18;12;0.57
2022-06-04;0.13;0.31;0.12;5;13;37;13;13;0.51
2022-06-05;0.11;0.29;0.1;3;9;45;12;12;0.48
2022-06-06;0.14;0.29;0.22;3;14;34;13;12;0.7
2022-06-07;0.15;0.35;0.15;5;12;43;13;14;0.78
2022-06-08;0.18;0.4;0.42;7;18;20;14;13;1.79
2022-06-09;0.33;0.43;0.15;6;15;29;13;12;1.3
2022-06-10;0.47;0.48;0.76;6;23;24;17;15;2.25
2022-06-11;0.08;0.27;0.11;2;7;35;9;12;0.32
2022-06-12;0.13;0.31;0.1;2;7;39;11;13;0.24
2022-06-13;0.09;0.3;0.12;4;11;40;11;11;0.7
2022-06-14;0.33;0.46;0.74;12;21;28;20;10;1.91
2022-06-15;0.9;0.75;2.92;15;31;27;29;10;3.81
2022-06-16;0.34;0.44;0.7;7;20;42;28;8;2.38
2022-06-17;0.56;0.49;1.67;16;28;38;38;18;2.72
2022-06-18;0.32;0.35;0.36;5;15;34;22;11;1.2
2022-06-19;0.19;0.29;0.1;2;8;39;8;12;0.5
2022-06-20;0.17;0.33;4.52;6;15;39;10;16;2.98
2022-06-21;0.24;0.36;5.53;5;19;36;12;16;2.95
2022-06-22;0.22;0.36;0.18;6;15;41;13;14;1.02
2022-06-23;0.19;0.33;0.27;7;17;35;12;14;1.43
2022-06-24;0.26;0.35;0.36;9;34;27;13;16;1.35
2022-06-25;0.09;0.24;0.17;4;18;47;8;16;0.45
2022-06-26;0.12;0.24;0.1;2;8;40;8;16;0.44
2022-06-27;0.15;0.27;0.28;4;15;40;9;16;0.71
2022-06-28;0.13;0.26;0.13;6;20;38;13;10;1.06
2022-06-29;0.1;0.3;0.1;8;23;33;9;6;0.66
2022-06-30;0.14;0.29;0.11;8;24;39;9;6;0.72
2022-07-01;0.17;0.34;0.2;15;54;33;13;7;1.51
2022-07-02;0.15;0.32;0.14;14;30;31;14;6;1.03
2022-07-03;0.1;0.28;0.31;11;7;39;7;6;0.36
2022-07-04;0.08;0.34;0.13;13;11;36;6;5;0.11
2022-07-05;1.92;0.28;0.16;14;9;35;11;4;0.14
2022-07-06;3.03;0.27;0.72;12;7;49;10;4;0.2
2022-07-07;3.23;0.28;1.46;12;11;40;13;4;0.87
2022-07-08;1.24;0.26;0.13;10;6;41;11;4;4.19
2022-07-09;0.5;0.34;0.5;15;9;39;15;5;7.03
2022-07-10;0.49;0.61;1.81;20;13;39;22;7;8.1
2022-07-11;0.56;0.81;2.16;30;22;36;26;8;8.12
2022-07-12;0.53;0.73;2.21;30;23;37;26;7;6.88
2022-07-13;0.78;0.92;3.56;41;27;56;32;17;6.53
2022-07-14;0.69;0.86;2.8;26;19;52;38;7;5.09
2022-07-15;0.67;0.49;0.46;22;14;51;33;4;0.85
2022-07-16;0.73;0.57;0.57;27;17;39;38;5;1.27
2022-07-17;0.74;0.62;0.5;24;16;57;41;9;0.92
2022-07-18;0.62;0.46;0.33;19;12;46;29;5;0.71
2022-07-19;0.57;0.38;0.16;18;11;48;25;5;0.49
2022-07-20;0.54;0.35;0.22;15;12;43;14;5;0.55
2022-07-21;0.51;0.32;0.2;10;6;52;17;4;0.73
2022-07-22;0.51;0.36;0.15;15;10;48;10;7;0.37
2022-07-23;0.5;0.34;0.14;11;6;47;10;5;0.31
2022-07-24;0.56;0.39;0.25;13;9;39;16;4;0.49
2022-07-25;0.54;0.35;0.17;11;8;42;9;4;0.37
2022-07-26;0.5;0.37;0.14;12;7;44;6;3;0.32
2022-07-27;0.52;0.28;0.26;12;7;52;7;7;0.51
2022-07-28;0.58;0.31;0.22;15;11;47;13;21;0.54
2022-07-29;0.55;0.3;0.24;14;9;49;10;15;0.53
2022-07-30;0.5;0.25;0.17;7;4;44;7;16;0.35
2022-07-31;0.52;0.27;0.2;7;4;43;9;17;0.45
